path,crop,class,label,sha256,dhash,width,height,bytes,error
Cassava bacterial blight/bacterial blight1190_.jpg,cassava,bacterial_blight,cassava|bacterial_blight,79c5f565f13152f857eb2e3b7bcb9cb077033ab4c7eac5c8e50dd01e1ef42b04,8383a70cbdfb762c,400.0,400.0,54376,
Cassava bacterial blight/bacterial blight1260_.jpg,cassava,bacterial_blight,cassava|bacterial_blight,acde581b949b9b367ec565c85b1236f4699276c5dda24522c3451f8ba0ffc579,3b128bc18323070e,400.0,400.0,53161,
Cassava brown spot/brown spot359_.jpg,cassava,brown_spot,cassava|brown_spot,79c5f565f13152f857eb2e3b7bcb9cb077033ab4c7eac5c8e50dd01e1ef42b04,8383a70cbdfb762c,400.0,400.0,54376,
Cassava brown spot/brown spot360_.jpg,cassava,brown_spot,cassava|brown_spot,acde581b949b9b367ec565c85b1236f4699276c5dda24522c3451f8ba0ffc579,3b128bc18323070e,400.0,400.0,53161,
Cassava green mite/green mite566_.jpg,cassava,green_mite,cassava|green_mite,25e2815644df73f049e4affa187a3379c83ade6550659ee99d25ec3dc0ebe7d3,39645c4bcbcec674,400.0,400.0,45609,
Cassava mosaic/mosaic359_.jpg,cassava,mosaic,cassava|mosaic,25e2815644df73f049e4affa187a3379c83ade6550659ee99d25ec3dc0ebe7d3,39645c4bcbcec674,400.0,400.0,45609,
Maize healthy/healthy3_.jpg,maize,healthy,maize|healthy,816fb51ee9115ece058b7da15ffcc39cc9277d11346699b862eef16616dec92d,613296ccc94184c9,400.0,400.0,49372,
Maize leaf blight/leaf blight1011_.jpg,maize,leaf_blight,maize|leaf_blight,5b63d697a5ddf472afaf88fb5e3f930f49383c569e5eb7273da0131b9527e492,e731ecfcf0d1f0b0,400.0,400.0,46742,
Maize leaf blight/leaf blight145_.jpg,maize,leaf_blight,maize|leaf_blight,7c91aa547e7f1b089fee3083131df27dfa20e41eb0bf3537407ebe1236cbc50e,e04c9abffe70f8df,400.0,400.0,66161,
Maize leaf blight/leaf blight146_.jpg,maize,leaf_blight,maize|leaf_blight,cada0bf7f129a2a2dee6f9278a586057196284f09026b4f9050e7125257d79d7,84849cd8dcccdec6,400.0,400.0,59826,
Maize leaf blight/leaf blight14_.jpg,maize,leaf_blight,maize|leaf_blight,0707e499c914856928f781f771b142bb9ca59e582c0702250cf3b7dd0fb0b81c,1f1e9cf364ddb3e7,400.0,400.0,54766,
Maize leaf blight/leaf blight17_.jpg,maize,leaf_blight,maize|leaf_blight,0707e499c914856928f781f771b142bb9ca59e582c0702250cf3b7dd0fb0b81c,1f1e9cf364ddb3e7,400.0,400.0,54766,
Maize leaf blight/leaf blight18_.jpg,maize,leaf_blight,maize|leaf_blight,46765789a6e171b127319bcb327df75e82fa54a8ea13ff473ae766fbe01430c6,60c3c59b9bafe7f6,400.0,400.0,52688,
Maize leaf blight/leaf blight206_.jpg,maize,leaf_blight,maize|leaf_blight,d01b525207a579e2c745efd2f2a29abf2e74d546208c76ddad38a93ff837be0b,e10c3966de3064e8,400.0,400.0,51137,
Maize leaf blight/leaf blight21_.jpg,maize,leaf_blight,maize|leaf_blight,d7aa192ef61d74a1546a3dc14f90d6a67b52ac011cdbabf16d7c0d86b4472584,346562c6c59898f0,400.0,400.0,54803,
Maize leaf blight/leaf blight273_.jpg,maize,leaf_blight,maize|leaf_blight,65d02658f05eee86c3795abc36da854e95cad8f0933722b009628f2e78092b3d,b8d1a043c37b7cba,400.0,400.0,81868,
Maize leaf blight/leaf blight282_.jpg,maize,leaf_blight,maize|leaf_blight,dbce08d7e4b99d1f1d8bb0a3e81f41bfde2498ee4aa78b9caca2a08bef2a93d9,d31218cd661b9969,400.0,400.0,67253,
Maize leaf blight/leaf blight283_.jpg,maize,leaf_blight,maize|leaf_blight,0c4a13bff53f6b680f21381cab35336b3e00b6e7ca2f2057fcee8883b2ac2643,b3b6125dc4733b97,400.0,400.0,60942,
Maize leaf blight/leaf blight284_.jpg,maize,leaf_blight,maize|leaf_blight,c4d50061a490bcc82bf5d6021704e2385827fd4e79ad617f16ee2c756a8351f4,995aed378b342620,400.0,400.0,72253,
Maize leaf blight/leaf blight285_.jpg,maize,leaf_blight,maize|leaf_blight,8a3c934608602f5b697fd8a05cd75f6e077da9930d88d612aa2e6b59ab44fd66,c8ac6619acbbb174,400.0,400.0,74397,
Maize leaf blight/leaf blight287_.jpg,maize,leaf_blight,maize|leaf_blight,b96473f6eb1d565ba262f975ac7c4ad30b451afb82d083e259637265970f178a,4c86318ca6bd3563,400.0,400.0,77969,
Maize leaf blight/leaf blight292_.jpg,maize,leaf_blight,maize|leaf_blight,520c07216b2d942681134424bbbe13e9fb5ba737f9664335fd758af21de0add0,a3933343c692caca,400.0,400.0,48243,
Maize leaf blight/leaf blight293_.jpg,maize,leaf_blight,maize|leaf_blight,f66562b33be7de57eb365dfd3c1c836bc1c14f1d8f9db420622260929cabf806,c0793317333383d2,400.0,400.0,31360,
Maize leaf blight/leaf blight303_.jpg,maize,leaf_blight,maize|leaf_blight,c4c567431e0dec9d6deeb2e01aa7b10d23af36f4eb358eb8cedb893cd66e61eb,3c66d9f898f8f821,400.0,400.0,53031,
Maize leaf blight/leaf blight30_.jpg,maize,leaf_blight,maize|leaf_blight,a862d12faaa083de11ac467463beb28ed23f234b7d4393d4addcd266708119a7,d6b1f9b89f6b0743,400.0,400.0,43791,
Maize leaf blight/leaf blight314_.jpg,maize,leaf_blight,maize|leaf_blight,c5d8fad62dc1b95475e684516dd8910a2cbee267ce333725448c3d37da0c370b,beba7c363a3a9a3a,400.0,400.0,79573,
Maize leaf blight/leaf blight315_.jpg,maize,leaf_blight,maize|leaf_blight,c477ef7156e853600c5735c345804187ec9e906857349914fc348daaead74892,e8e8686ae8602a29,400.0,400.0,64658,
Maize leaf blight/leaf blight322_.jpg,maize,leaf_blight,maize|leaf_blight,892b9a9aab7561e1f22c52a3dc31166abcda77d0ece9924719d8a8d84c148624,c7c7af8b8e8b9313,400.0,400.0,36222,
Maize leaf blight/leaf blight324_.jpg,maize,leaf_blight,maize|leaf_blight,0f5b5b3a483639c8c89cc14b29dc82a8e5a7f12f566aed2294f0d6261e9dad5f,28147674375e0623,400.0,400.0,40224,
Maize leaf blight/leaf blight325_.jpg,maize,leaf_blight,maize|leaf_blight,4b5ccb30236d130642f1516b638ce79e25ea4d5d5751f764c88b17c31796385a,28a465e577564e06,400.0,400.0,42128,
Maize leaf blight/leaf blight326_.jpg,maize,leaf_blight,maize|leaf_blight,e74eca324216a6da4ca3855660f1d95ee3b2fe213d8f6ecb62ac8978f3d5da4c,e36060b4b6b771d4,400.0,400.0,56995,
Maize leaf blight/leaf blight327_.jpg,maize,leaf_blight,maize|leaf_blight,88e022c33363fb59374a9d4f787e7492bf999745da5cea43e2d5a18c912cefe9,cc9838f0f4acaeea,400.0,400.0,53350,
Maize leaf blight/leaf blight328_.jpg,maize,leaf_blight,maize|leaf_blight,a6cc0f07b01aa559e7106da69392feed6dfef4f4084b9ebaebff0f9293dc8f27,ba3f7864e2f0f066,400.0,400.0,50890,
Maize leaf blight/leaf blight330_.jpg,maize,leaf_blight,maize|leaf_blight,7121311d777ae1371f045ac9d496b9d0a97e4f5f10931b743661d81162d35ac2,064cecfff8c85872,400.0,400.0,60417,
Maize leaf blight/leaf blight337_.jpg,maize,leaf_blight,maize|leaf_blight,38a24988841dd851e5f711a8cccc9edba9da282fa9f567226b967c2d628a59b6,e9c5c208040687bd,400.0,400.0,67884,
Maize leaf blight/leaf blight338_.jpg,maize,leaf_blight,maize|leaf_blight,b4e33ea5053c421445552a63b303993ae883f90612527c6402c58995effa7076,6f3cb0a0c0c0c0c0,400.0,400.0,66350,
Maize leaf blight/leaf blight339_.jpg,maize,leaf_blight,maize|leaf_blight,07fccd769874584ba7cf47d4285305198805f46da1aa5d5cbffa893e36350ade,74703c436038fcde,400.0,400.0,63417,
Maize leaf blight/leaf blight33_.jpg,maize,leaf_blight,maize|leaf_blight,a862d12faaa083de11ac467463beb28ed23f234b7d4393d4addcd266708119a7,d6b1f9b89f6b0743,400.0,400.0,43791,
Maize leaf blight/leaf blight342_.jpg,maize,leaf_blight,maize|leaf_blight,b0886a65165489cbef35865630b80b2d82b66262ea63640788cdfc8b4f64e4de,042280e4d6673755,400.0,400.0,39152,
Maize leaf blight/leaf blight357_.jpg,maize,leaf_blight,maize|leaf_blight,66a7dee679096bdf8f1676387a5c2ad5d9a4657bfb5d18a1535221b88a456ed2,b0a8f93bc68ef1e2,400.0,400.0,76782,
Maize leaf blight/leaf blight358_.jpg,maize,leaf_blight,maize|leaf_blight,0f999f233cb36eea1e46c709123fba9fc6ad3a532872923a61e2ab4eb692e6bc,4df3300018d9e3a7,400.0,400.0,73559,
Maize leaf blight/leaf blight359_.jpg,maize,leaf_blight,maize|leaf_blight,101624fe5e87a1453aaf5280ccfd035d77eda74244fb394a708a0b2bad76c88f,5d9d5f590810301e,400.0,400.0,60392,
Maize leaf blight/leaf blight361_.jpg,maize,leaf_blight,maize|leaf_blight,dafc81fd7f401b76b20788b20dd04a872f8010d4534506592f3fd4df169fb8bf,cc0e8e6068693b86,400.0,400.0,51020,
Maize leaf blight/leaf blight369_.jpg,maize,leaf_blight,maize|leaf_blight,37f97e9600c9389d781ee084e392e34a84dfcbfbf06fe9e5634e062cff6087e2,5bdb4e4e0c2e2b33,400.0,400.0,44792,
Maize leaf blight/leaf blight36_.jpg,maize,leaf_blight,maize|leaf_blight,24b2871f4e1771b644d4619fcf963a28cf85a1a50b4def46b1f18a7e51fb3ccc,b4f1f03c1fc68361,400.0,400.0,48902,
Maize leaf blight/leaf blight372_.jpg,maize,leaf_blight,maize|leaf_blight,96b689534b806179abbff66665c588620732ad4e225091c7a1dcef106d7de0c7,a8f9f2f088d03292,400.0,400.0,50326,
Maize leaf blight/leaf blight373_.jpg,maize,leaf_blight,maize|leaf_blight,253db9121debaf8ba984acb50e911f43fad28b386444d844c712b11b5cb9de0c,e08000000c031838,400.0,400.0,41071,
Maize leaf blight/leaf blight374_.jpg,maize,leaf_blight,maize|leaf_blight,63c240f7305e3d335629ba65d8cf190d62db560c34a5f871acd6b16656ba47fd,b061c00004088c46,400.0,400.0,57256,
Maize leaf blight/leaf blight376_.jpg,maize,leaf_blight,maize|leaf_blight,989c2a5d539f4fee856eae37b090dbb5fd4ac1825791a83e4ef511713f3f52b2,29c4466ad99999d8,400.0,400.0,40218,
Maize leaf blight/leaf blight39_.jpg,maize,leaf_blight,maize|leaf_blight,24b2871f4e1771b644d4619fcf963a28cf85a1a50b4def46b1f18a7e51fb3ccc,b4f1f03c1fc68361,400.0,400.0,48902,
Maize leaf blight/leaf blight407_.jpg,maize,leaf_blight,maize|leaf_blight,2c74e9128f7a5f359a01cd4a5e9b0c96d4637dd87003f874a213a60f08ab0b55,a10c9ebcf8a347c9,400.0,400.0,72566,
Maize leaf blight/leaf blight416_.jpg,maize,leaf_blight,maize|leaf_blight,3c325105336a52537d0c785196f4a956251c4349227537bb39039b34a6532df5,37276561a6aeaaac,400.0,400.0,59082,
Maize leaf blight/leaf blight41_.jpg,maize,leaf_blight,maize|leaf_blight,48a8106773b936ca56f41322a6e3b7cd2c4c2e16b7c84596c82038d8c796faf0,e0e2682f8e8683d3,400.0,400.0,48899,
Maize leaf blight/leaf blight423_.jpg,maize,leaf_blight,maize|leaf_blight,25e9e4e14ea7fe2fa778b86047fda7414c35b6646576924dd7526e8502f7f742,30b0f3e7db1b8fc4,400.0,400.0,88955,
Maize leaf blight/leaf blight428_.jpg,maize,leaf_blight,maize|leaf_blight,bdbf5c5a67f26aa8a5350191b0e0f030758bfd8995a347a304d8f709181f14cc,c7991c0effde8f87,400.0,400.0,49945,
Maize leaf blight/leaf blight429_.jpg,maize,leaf_blight,maize|leaf_blight,8d27aa41bf6092e67b75ef4dcc0c12267c76faf8fa65978bfc5bbfbd436ae776,f3c08c8f81989898,400.0,400.0,65233,
Maize leaf blight/leaf blight430_.jpg,maize,leaf_blight,maize|leaf_blight,f420d714c4d663c85bbc1508936f0aa76318640b109c8d4739e1bbb1ff728c05,0a043218141a0218,400.0,400.0,64756,
Maize leaf blight/leaf blight48_.jpg,maize,leaf_blight,maize|leaf_blight,a7fa215b394803fbc9f8e3b9692e89455e6b5b79cc91510b825f46f1c364250d,ced2e7ca9f3f6e64,400.0,400.0,50368,
Maize leaf blight/leaf blight51_.jpg,maize,leaf_blight,maize|leaf_blight,4a9cafb4b545f0d57f5b5e57082f942f4c2bebbe04236268da99f9a83b13f613,c3d6c6c25e3f7f6c,400.0,400.0,47165,
Maize leaf blight/leaf blight545_.jpg,maize,leaf_blight,maize|leaf_blight,f3c51e917822bb592d1af3346491e067f685806f2f79e5edac5d8b767e1d521c,83e3e3a9b498f2d1,400.0,400.0,45251,
Maize leaf blight/leaf blight554_.jpg,maize,leaf_blight,maize|leaf_blight,749bfc6f75643736885d6903d5d9d9ecf4bc1ed295d4b90a1dc9a4e00277bec3,8d8d9cc8d092e283,400.0,400.0,83199,
Maize leaf blight/leaf blight555_.jpg,maize,leaf_blight,maize|leaf_blight,39f5bfaaa674eaa6f4ad8d2eb65064fc497af0402900806bade57f91264e1518,6070c8d0b8b4b478,400.0,400.0,82018,
Maize leaf blight/leaf blight556_.jpg,maize,leaf_blight,maize|leaf_blight,417ee74d511e30c830b9ec1cf33cf57799207c670eb1fcaa65bfe669317bf7d2,c68f0faab0963214,400.0,400.0,74185,
Maize leaf blight/leaf blight557_.jpg,maize,leaf_blight,maize|leaf_blight,689c81502b104ad9d1a38651fa583c4dbc150cc43829bfb0d11e814e8be31767,b4f6ac2496553415,400.0,400.0,44309,
Maize leaf blight/leaf blight558_.jpg,maize,leaf_blight,maize|leaf_blight,4af63e48dcf1669f37ad453d43f904a11cf4212807498daac0da77552242c994,4d4953e1914a8b2c,400.0,400.0,70278,
Maize leaf blight/leaf blight559_.jpg,maize,leaf_blight,maize|leaf_blight,f208ce6fed3a1f8379094d40ca6a2ba153348ce2d31f88cbea766357b7468a29,ecc1d99f83d3d39a,400.0,400.0,61360,
Maize leaf blight/leaf blight560_.jpg,maize,leaf_blight,maize|leaf_blight,b730d58b348964897885725974e3b627d346babc15417f03b8417d1fb7102339,3b63d39234595c1e,400.0,400.0,52370,
Maize leaf blight/leaf blight576_.jpg,maize,leaf_blight,maize|leaf_blight,52de8fa7df364745feddd726d64b80ea999ba95d3ea54e45d8563f6ad6030464,edce4f6f6b5a5ede,400.0,400.0,52012,
Maize leaf blight/leaf blight578_.jpg,maize,leaf_blight,maize|leaf_blight,4b9562a0364111b0ef65ca2556e35b2dae1f0e6b5ad02903e2257904038f1e2a,9292d24249dbd9d9,400.0,400.0,72478,
Maize leaf blight/leaf blight579_.jpg,maize,leaf_blight,maize|leaf_blight,e1c7eb7f56e32f7386b264b8cf91aea2add13412db14feaf195ee7e09a4095a2,d0d273d3d2d153d3,400.0,400.0,69436,
Maize leaf blight/leaf blight580_.jpg,maize,leaf_blight,maize|leaf_blight,547fff1b11130c5e317a07cb6519dd988931350da802305d945a85535406545c,7454129292939393,400.0,400.0,64211,
Maize leaf blight/leaf blight581_.jpg,maize,leaf_blight,maize|leaf_blight,22d1f699c7ea908495a4c4f021554b012825e031cd9a1890f607abe7ab59afc7,3e343436b6b6b7b7,400.0,400.0,75686,
Maize leaf blight/leaf blight582_.jpg,maize,leaf_blight,maize|leaf_blight,5a728a09bf4c51c69a81ee4a94fab726b8846d162edee92cdcce703a94eb0732,e2b4380d9ebcb436,400.0,400.0,61173,
Maize leaf blight/leaf blight583_.jpg,maize,leaf_blight,maize|leaf_blight,8fad8f16848269ff5da9b4fef6d4dcff32679b827b615d3822af77402300c824,e979d99b9b5b89cd,400.0,400.0,64562,
Maize leaf blight/leaf blight584_.jpg,maize,leaf_blight,maize|leaf_blight,8b2619a69dd5be28e2c59c19d7c1037dad2bbac1d12b230c0278a53099428ca2,2c6666f4fcdadadb,400.0,400.0,73718,
Maize leaf blight/leaf blight585_.jpg,maize,leaf_blight,maize|leaf_blight,4a5aced41222c5475751badb1eac36c8b143bacea08881badf78496dff023115,86e66672131317fe,400.0,400.0,71389,
Maize leaf blight/leaf blight588_.jpg,maize,leaf_blight,maize|leaf_blight,c518a778d013913110950ab3d8bea00563675bf3939481755c7bb8029af4ce44,cbd89694adf7de9a,400.0,400.0,77991,
Maize leaf blight/leaf blight589_.jpg,maize,leaf_blight,maize|leaf_blight,2bf7542b5fa27044dc854a8d1be37273c60d41e79f881b89a82261867cf96d43,b761c192b92f6e7c,400.0,400.0,65734,
Maize leaf blight/leaf blight60_.jpg,maize,leaf_blight,maize|leaf_blight,ac6478a468985bec465425e28b39f06a8e0991ab12b4bc666ac768e134b9acad,694814880c206464,400.0,400.0,56945,
Maize leaf blight/leaf blight63_.jpg,maize,leaf_blight,maize|leaf_blight,6aa4814a0edbe64d5b8c9d80d8de08927226cfb45691d2f9f9056c84db199ee8,a0a484c404302006,400.0,400.0,58344,
Maize leaf blight/leaf blight651_.jpg,maize,leaf_blight,maize|leaf_blight,41969df32485eda55928c77dbac1663329334f031cd5a8af759ab1bb6e0c7277,2c0c6a8899b0488c,400.0,400.0,43158,
Maize leaf blight/leaf blight653_.jpg,maize,leaf_blight,maize|leaf_blight,a18fe6e223ec6d3e154c1e2820555d0d29607dc5f7d070b9ba1afd16104dd3eb,f39f8420c4cd0dcd,400.0,400.0,51581,
Maize leaf blight/leaf blight687_.jpg,maize,leaf_blight,maize|leaf_blight,cbcfbec22dfaa24124ff6f424dbe3bb17fd2a2e46cb3efec3b0b3501660c13ba,6c46400007330389,400.0,400.0,54849,
Maize leaf blight/leaf blight689_.jpg,maize,leaf_blight,maize|leaf_blight,b64714ba0dba89c939b32558af1b85a6202ea783b902440e14a8f513859168f0,b956c6e4ccc4a6a2,400.0,400.0,67846,
Maize leaf blight/leaf blight690_.jpg,maize,leaf_blight,maize|leaf_blight,ec2f446a364328630d2cf46ee230d278f8fe985d350a7a1c5c18bc84028e66ce,1b96b0213212d848,400.0,400.0,63744,
Maize leaf blight/leaf blight691_.jpg,maize,leaf_blight,maize|leaf_blight,b2cc5374f1e1fa0fdc6f7f8f911eac46fcf931475ce47ca36e3827cd0905097d,c3f3a7fff9793939,400.0,400.0,53336,
Maize leaf blight/leaf blight692_.jpg,maize,leaf_blight,maize|leaf_blight,cc40076a49cdd71b0d9e9af6799fbd04707d9d06536bf54d45884c4f189dca28,72f6f67bf8be9e98,400.0,400.0,62966,
Maize leaf blight/leaf blight693_.jpg,maize,leaf_blight,maize|leaf_blight,86951672a437e7c30e0ffd2514d3c56a5e07fcb087b95344c563d979c2257e4c,4cdcfcc6087070a0,400.0,400.0,51392,
Maize leaf blight/leaf blight699_.jpg,maize,leaf_blight,maize|leaf_blight,5fdc135388ceb58b97c0869900adde3526485394fdb02f1fbd711036f095a982,eee62481832e4eda,400.0,400.0,55054,
Maize leaf blight/leaf blight700_.jpg,maize,leaf_blight,maize|leaf_blight,b47ce75bc1311771a7fe8476564faa61c3fa33cac9a3d31f3a49e15d0e9c89ca,d9e262061e38b939,400.0,400.0,64811,
Maize leaf blight/leaf blight701_.jpg,maize,leaf_blight,maize|leaf_blight,d76984ae0f946677fefaca1fe69a0219591a1b9c36d6f21218df73da7445bc92,f9ac20b171cb6665,400.0,400.0,65875,
Maize leaf blight/leaf blight702_.jpg,maize,leaf_blight,maize|leaf_blight,17e501d0141a89fbfa9803ff218f6466a08f91f1d9412bb006560b8e23038958,b6784463a68ec684,400.0,400.0,61530,
Maize leaf blight/leaf blight707_.jpg,maize,leaf_blight,maize|leaf_blight,dbf4fff400a5ff207122b5745ce3f78af08a8ff42a2bd6a891b64ac30fe7f25b,3c7c7cf33236c515,400.0,400.0,52292,
Maize leaf blight/leaf blight708_.jpg,maize,leaf_blight,maize|leaf_blight,beea190ba714c28cf8aa05a4850b0bd294558b7539ed099e2684bb205bdef9f1,33fafa8edcccce2e,400.0,400.0,52622,
Maize leaf blight/leaf blight737_.jpg,maize,leaf_blight,maize|leaf_blight,5bd141f6973d0a4905738e56b438303786aa8b13f8fe8a91525a33b9817af744,0c0cec68a81fd1d1,400.0,400.0,49071,
Maize leaf blight/leaf blight738_.jpg,maize,leaf_blight,maize|leaf_blight,1178c1237ee5e2465f9e79bf71503379d1f6caa4f0bc15b2513936885b4af653,8183b6c0c081924e,400.0,400.0,53290,
Maize leaf blight/leaf blight739_.jpg,maize,leaf_blight,maize|leaf_blight,2b52a3607e83cc1bd13c7339006f1874021f51fdacf83334a4dd6e6dbf406bfb,98183620010d3971,400.0,400.0,49332,
Maize leaf blight/leaf blight740_.jpg,maize,leaf_blight,maize|leaf_blight,7036b00ffbc5b44686805f5af560ecef76019b1013b0e609a0f0d51a148f27a4,6b32b6dc5c69278c,400.0,400.0,83550,
Maize leaf blight/leaf blight741_.jpg,maize,leaf_blight,maize|leaf_blight,576aac6a7fe84f941d1535df6afa7d5bff1478bd83bbd7c3ebcd7324af61796d,49214323a1b1184e,400.0,400.0,74335,
Maize leaf blight/leaf blight742_.jpg,maize,leaf_blight,maize|leaf_blight,043fe5726b2739b317c27d74c542422d555f684b89e967ee9ee47b788c6c3bce,8c8406a6e2eebd65,400.0,400.0,68772,
Maize leaf blight/leaf blight748_.jpg,maize,leaf_blight,maize|leaf_blight,767a9efdcfa28b1301eba5363333d65e2fd7d1b9919796ef1275c7bc925a8ecf,91c0ccd0bc1e2c9c,400.0,400.0,62440,
Maize leaf blight/leaf blight750_.jpg,maize,leaf_blight,maize|leaf_blight,05e2b29289c90d48d5ca7470d9afc318076bafb44e689a8280b9e46c589a3a61,e3e1eecbefe63b19,400.0,400.0,87606,
Maize leaf blight/leaf blight769_.jpg,maize,leaf_blight,maize|leaf_blight,209c2671bed63bddfd93783a2cb44c4d31bc624249dacda242748040df632682,a08930608c16c69b,400.0,400.0,59931,
Maize leaf blight/leaf blight772_.jpg,maize,leaf_blight,maize|leaf_blight,4fecfa3a6dee2733ad9c749983d373fe910d92310cf828f08e1a693459406489,815370c0d0305c0c,400.0,400.0,68156,
Maize leaf blight/leaf blight773_.jpg,maize,leaf_blight,maize|leaf_blight,6ccd2c6c10b278349239481e1f9b6e08cd25f7dd3807b7cd2538782bce158d0d,0f6ec733868273b3,400.0,400.0,62876,
Maize leaf blight/leaf blight775_.jpg,maize,leaf_blight,maize|leaf_blight,9b2ddcb6ae127ff11e4cda24e2d6dbf58170d5920d3e85c0144cc7faa73c4aef,021db9b8389a32cd,400.0,400.0,59560,
Maize leaf blight/leaf blight778_.jpg,maize,leaf_blight,maize|leaf_blight,a7bbbec738f32175ccb951092a9da2c25174e2933eeacbfe29e58510387fe623,bd9fc78f37b53979,400.0,400.0,62253,
Maize leaf blight/leaf blight781_.jpg,maize,leaf_blight,maize|leaf_blight,e97bf61abcbc5147ece9d72a9834d45e1d40b369093649598a5bc636010cf8c3,d2f8b8f8cc0a29cc,400.0,400.0,72614,
Maize leaf blight/leaf blight784_.jpg,maize,leaf_blight,maize|leaf_blight,10c5cc2f7a3c97f6ae1e633ce75f237b2a1f8ae8403cbe875da8af2cc0c2b99c,d8d2bcbcfbe99c9c,400.0,400.0,43297,
Maize leaf blight/leaf blight787_.jpg,maize,leaf_blight,maize|leaf_blight,0934a15996b1275b40fc9b1779fe231f665676c0e0233fba7c0bfa6a3662174d,b8b4e4fee3319898,400.0,400.0,52013,
Maize leaf blight/leaf blight790_.jpg,maize,leaf_blight,maize|leaf_blight,cde121e231720eb4f234da6d045805bfd935653d18d55378f28d30e5b8eb39a9,4af069481967c770,400.0,400.0,40690,
Maize leaf blight/leaf blight791_.jpg,maize,leaf_blight,maize|leaf_blight,1c521fb65fca9eee37925a1bf93a74a28f584772faba2240caf8f2326362b9d5,7d3896c5e6e4c88c,400.0,400.0,44906,
Maize leaf blight/leaf blight793_.jpg,maize,leaf_blight,maize|leaf_blight,1e720f9e45c447326949e233d13922188179ff0a1761fb5a573f79654897b2a5,9b1118206559d9c8,400.0,400.0,39548,
Maize leaf blight/leaf blight794_.jpg,maize,leaf_blight,maize|leaf_blight,f2121a6c2b8957bce131460f64ca2729dac19be6eac1cee2e5aa1790d666ebc6,d9d77f7831680834,400.0,400.0,52223,
Maize leaf blight/leaf blight797_.jpg,maize,leaf_blight,maize|leaf_blight,7a7bbf1eed1c63d7ea5f995f100deceeaa20ad0177165d5c0af4e11b08b39e98,948e9878c0c9d1d0,400.0,400.0,37639,
Maize leaf blight/leaf blight799_.jpg,maize,leaf_blight,maize|leaf_blight,cd950389f8a5ddd9ed5e3c16c3f562c805ca53a3e759c2804c416f19006b1059,8462c088b031d9d0,400.0,400.0,49175,
Maize leaf blight/leaf blight801_.jpg,maize,leaf_blight,maize|leaf_blight,e37f32ba5aa8230fd7a51d1915b906621e5ed2dfa4d3cadcac15dff14cf02313,7163276460e24694,400.0,400.0,46449,
Maize leaf blight/leaf blight807_.jpg,maize,leaf_blight,maize|leaf_blight,78e9aee9fcb5a7646bd209699ef100dd71901cda3d3467f99eb6c9e7a2aac1cf,1f3c61db790c272f,400.0,400.0,54045,
Maize leaf blight/leaf blight809_.jpg,maize,leaf_blight,maize|leaf_blight,33931cacfcc5beff8208260d781f044afb6d0458f822f0e5ed7dca095784ac56,eccc987812121dbd,400.0,400.0,56543,
Maize leaf blight/leaf blight812_.jpg,maize,leaf_blight,maize|leaf_blight,fb9466b0786f6e0815c1f17a0c7ac125c631a1c023058b6122ef72d1b71f151b,e46474c0c34bdaf2,400.0,400.0,54742,
Maize leaf blight/leaf blight815_.jpg,maize,leaf_blight,maize|leaf_blight,19d7d2ebeb33263c21ad8edc85d16c1415543292600224cc5658ed4f9a4960f6,f3e4f3ec39c63657,400.0,400.0,50244,
Maize leaf blight/leaf blight816_.jpg,maize,leaf_blight,maize|leaf_blight,93cc1a24bd12c3b97d5aa6c2107edcd381db2f649ad6df375dbd66e6964a761d,cc7ccd70853f2d8d,400.0,400.0,47418,
Maize leaf blight/leaf blight817_.jpg,maize,leaf_blight,maize|leaf_blight,e40edbcd87dd9a85494be1b01d2988184b579daaf682ab46e65a330d6449b0f0,e6b69e668632eb89,400.0,400.0,54354,
Maize leaf blight/leaf blight819_.jpg,maize,leaf_blight,maize|leaf_blight,b53b45f4f8b96774d0af2e1e48a14580e4e051423c97fb4884d405dc84f249e7,b272bcf0f2327272,400.0,400.0,64591,
Maize leaf blight/leaf blight822_.jpg,maize,leaf_blight,maize|leaf_blight,e445f642347f6032f8bd10e3d57da8daa6e43483b4b8156802471cb019cf2c92,e1e5c6f3c9d9e5a5,400.0,400.0,52214,
Maize leaf blight/leaf blight824_.jpg,maize,leaf_blight,maize|leaf_blight,ffd33d38c28d597440d1829b7c7b8b3507214f022f98562d8b65545f9f417d00,132569c380078e8c,400.0,400.0,64693,
Maize leaf blight/leaf blight826_.jpg,maize,leaf_blight,maize|leaf_blight,16057d0404a37c640e6e801a49c6d8882c5a1e000ac156bcb7b303035c8b2b74,44d3a38284063731,400.0,400.0,61003,
Maize leaf blight/leaf blight828_.jpg,maize,leaf_blight,maize|leaf_blight,6a8d6c454d94f9b3ccc2b0702269cbcf5d026919f5cca84f8c6089d062b9578b,61133238a08c082a,400.0,400.0,53766,
Maize leaf blight/leaf blight831_.jpg,maize,leaf_blight,maize|leaf_blight,03ff00a781571355189c402e9b6d9e05c5c2335d30b5e07125af855d1cda537f,3d347364d8d307ee,400.0,400.0,38942,
Maize leaf blight/leaf blight832_.jpg,maize,leaf_blight,maize|leaf_blight,c6de2978f5e193cc0a83cb05f58c6988e71472644e3b5eda2071b09f3466a869,5959c10e498360c3,400.0,400.0,59147,
Maize leaf blight/leaf blight833_.jpg,maize,leaf_blight,maize|leaf_blight,c4a87bf88010c11f08017078a42a83aa5160c135c0513786f58f79df95d89a32,daa6757c0e6de430,400.0,400.0,45656,
Maize leaf blight/leaf blight834_.jpg,maize,leaf_blight,maize|leaf_blight,a0f307ea3c67e7ca10f620a7a8f2e48fd52018e292828b471bbda1ee84499076,d30f700b3cf3d893,400.0,400.0,46791,
Maize leaf blight/leaf blight835_.jpg,maize,leaf_blight,maize|leaf_blight,a33fd0031f009bccf61d9b50cd671c4d1ef225a142b97cd40f4159acf2daa217,1e7f1fdb1e2edb63,400.0,400.0,59218,
Maize leaf blight/leaf blight836_.jpg,maize,leaf_blight,maize|leaf_blight,b4b7ef38a542bddce799407dde43d9111093741ea17a408c61507be1281ecd71,d6e6feffffbd7cec,400.0,400.0,48342,
Maize leaf blight/leaf blight870_.jpg,maize,leaf_blight,maize|leaf_blight,8fbbdb2a267b2197dc6180c1b0dcfbe862f9440c723e11b66169f87ab6f402b7,c6c6c6c6c6c6c4dc,400.0,400.0,49530,
Maize leaf blight/leaf blight871_.jpg,maize,leaf_blight,maize|leaf_blight,ace136d2eca08381657089fc0cda02f0f057a13576acf76cd8a34f831beaf63d,c9c0c0c141d1d1d1,400.0,400.0,47087,
Maize leaf blight/leaf blight872_.jpg,maize,leaf_blight,maize|leaf_blight,1fc43219b705b6482513216e61a6c6a81d3074755ce6eb6c863251c0d3858303,4cb0d2e1a50d4d17,400.0,400.0,55037,
Maize leaf blight/leaf blight873_.jpg,maize,leaf_blight,maize|leaf_blight,b28aa7eb3c5e0a760262bd84e39fcd1c1ee630dda5d7515cd35a688e6d8bfabb,8c9cf2cfeeeec4ce,400.0,400.0,56716,
Maize leaf blight/leaf blight874_.jpg,maize,leaf_blight,maize|leaf_blight,7fe737a3144a806f8492a5ec57053c1f52bb1d17e80f66946187b7dc8b7506ba,2c2c0828ddbcc44e,400.0,400.0,49116,
Maize leaf blight/leaf blight876_.jpg,maize,leaf_blight,maize|leaf_blight,cb1ee39a2fe005f44ec0f6e434d3a8c6ea67fb3bd2d17fde2d1254b9c891f2da,e5e1fcf1f67264b1,400.0,400.0,56333,
Maize leaf blight/leaf blight877_.jpg,maize,leaf_blight,maize|leaf_blight,bfd8fee00f2e09a35bf2f2bdb5f205fe56d44dde1778b1de79f4d4b4ceb6e522,87a3eb99bdb153c1,400.0,400.0,55536,
Maize leaf blight/leaf blight878_.jpg,maize,leaf_blight,maize|leaf_blight,580a40a4243c29dc947a03d78f363b20a86d537193fdb8e67f32e4d0f1585eac,39b8fc46f6d22e0c,400.0,400.0,53903,
Maize leaf blight/leaf blight879_.jpg,maize,leaf_blight,maize|leaf_blight,a94e9c60f0a9c86fbd818436a313558d0d88f1a78eb0f8c2620311a752a723b1,aaa1e7bff3f3f3b6,400.0,400.0,64959,
Maize leaf blight/leaf blight880_.jpg,maize,leaf_blight,maize|leaf_blight,5594f7eb902dd28c09dd9fc90b749d47802b7cfc3a5fea7f0e3bb5635ddd6176,2f4c51f8fcfbf9d8,400.0,400.0,68798,
Maize leaf blight/leaf blight881_.jpg,maize,leaf_blight,maize|leaf_blight,40d3c281f80c774c1dcc2cf4b99e4855cff37d9947c5bce635a9ce04f7dee234,d7cbe0e0e8bbdec4,400.0,400.0,66927,
Maize leaf blight/leaf blight882_.jpg,maize,leaf_blight,maize|leaf_blight,6391c8878a1c5b3367a5d5ad32f8e1349e4df8247a705927d58f086cb280170d,6b6b28a8a6a22009,400.0,400.0,48476,
Maize leaf blight/leaf blight883_.jpg,maize,leaf_blight,maize|leaf_blight,c4a79be81d83d67b320076910f0c02f5d8e6f5a91f1f28d1216dff38ea6a7872,dc1e1351584c076f,400.0,400.0,44209,
Maize leaf blight/leaf blight884_.jpg,maize,leaf_blight,maize|leaf_blight,a2a8ca50374ecdb8445553f81469f7fdc3741f6155fd10c316f8e77a38a0d7f1,e9696fedf1f0642e,400.0,400.0,43404,
Maize leaf blight/leaf blight885_.jpg,maize,leaf_blight,maize|leaf_blight,821745e3012c20bc7885f605b3ec15666571157e3fe641c7f10258f9ed84235d,a5a795fdf4e9d9d9,400.0,400.0,47533,
Maize leaf blight/leaf blight886_.jpg,maize,leaf_blight,maize|leaf_blight,418ae870ac1f20ecdec7432c86adcbd10e7c1bf3866efe09a65ec6a626ba7a90,5b5f5f75d3f2a636,400.0,400.0,51623,
Maize leaf blight/leaf blight887_.jpg,maize,leaf_blight,maize|leaf_blight,ae1f889c1b1aad283eee5752e1224584d36115ff346683d96aa1cf8b34a35ab8,3e7af4e39b0b0f49,400.0,400.0,60436,
Maize leaf blight/leaf blight888_.jpg,maize,leaf_blight,maize|leaf_blight,ca59f2d1f7c3f0ed25d23ec8b1b0184de61d8f92918eff5fdf761cdfb488c3a5,2c1bd2f649e74d9b,400.0,400.0,68831,
Maize leaf blight/leaf blight889_.jpg,maize,leaf_blight,maize|leaf_blight,b4209761395f6163fe1bd5f33c915f614f31311ac3086db7a29b567c8b7a1ffb,b3a66857e4cc962e,400.0,400.0,66520,
Maize leaf blight/leaf blight88_.jpg,maize,leaf_blight,maize|leaf_blight,7271cc6c372d449182d6f0c1efed4af17666aeb4622e83d000fe4c058377ead1,ac1851030f1f6f3c,400.0,400.0,37205,
Maize leaf blight/leaf blight890_.jpg,maize,leaf_blight,maize|leaf_blight,1067ce1fdfef07defbc47c30bcae707ab44c4715529f2ab204aa88b822bdc66c,060e362c4cb931e6,400.0,400.0,70054,
Maize leaf blight/leaf blight891_.jpg,maize,leaf_blight,maize|leaf_blight,02eace1007709ae8023e306b8fc302b389f73b65e2fd5d3def1578f532735624,cf9f2e7cf1c3c6c0,400.0,400.0,64269,
Maize leaf blight/leaf blight892_.jpg,maize,leaf_blight,maize|leaf_blight,d13eb7311b2022edbe02ae2a49a71261bedffb624a96b96e9e23e11d847f9943,17cff3fefff5f213,400.0,400.0,55642,
Maize leaf blight/leaf blight893_.jpg,maize,leaf_blight,maize|leaf_blight,b409cd357de67f54fad1123e2e6dbb0fbf0216a2b9bf0ed8a9fe21aa3f58d6fb,82c0e0e2c0e79fbc,400.0,400.0,51055,
Maize leaf blight/leaf blight894_.jpg,maize,leaf_blight,maize|leaf_blight,2606a1da2d632f11fd0eb12d9635bb9a562467dc57a515329bf99099fcea76a7,88a020c09838e8ae,400.0,400.0,42500,
Maize leaf blight/leaf blight895_.jpg,maize,leaf_blight,maize|leaf_blight,c8336f582f796adfeff95bdb277ddbe13dc5d73099addd2ae3a5ff61da2828c9,4d047807929b1818,400.0,400.0,48222,
Maize leaf blight/leaf blight896_.jpg,maize,leaf_blight,maize|leaf_blight,44f75e78abae670477fd715107be90fbfca735aa9f04b65aa273d839f10d2b8f,f2f8fcc8b0707071,400.0,400.0,42019,
Maize leaf blight/leaf blight897_.jpg,maize,leaf_blight,maize|leaf_blight,fedd6f90644284056eee32ea280c4318cb0408c678cf3cceccc41523ff99dbc9,51c8fc4c0c28395a,400.0,400.0,53235,
Maize leaf blight/leaf blight898_.jpg,maize,leaf_blight,maize|leaf_blight,73d1f527de1533e36173bc40206cad0fe264e14098b7466a7e695e0669f0572a,aee7a595b9bc5859,400.0,400.0,55768,
Maize leaf blight/leaf blight899_.jpg,maize,leaf_blight,maize|leaf_blight,85f163e6b6c2be3835841db0d64c309988798662e25ddb96c3e7f6327e5bddad,e06c6baaa5b0de98,400.0,400.0,56303,
Maize leaf blight/leaf blight900_.jpg,maize,leaf_blight,maize|leaf_blight,8aac1c6bc7e8ccf05fd42a6e2e8101eb349a3e83ada9a98414a95634b4314d67,1d7cb5db69293434,400.0,400.0,54326,
Maize leaf blight/leaf blight901_.jpg,maize,leaf_blight,maize|leaf_blight,b7f4dc85cd9063ad15a484a35747c66b375ab92726bf0a9c5910d143a06d0e5a,5d8c8c99c8e4920c,400.0,400.0,52422,
Maize leaf blight/leaf blight902_.jpg,maize,leaf_blight,maize|leaf_blight,a2deed1b9dd95c4679622d25bc7f61a4b131debb600e1ca522b5914100f93c61,9e164f3b3133199d,400.0,400.0,62827,
Maize leaf blight/leaf blight903_.jpg,maize,leaf_blight,maize|leaf_blight,5a1c84be639005fa6ff140c86c4c266a59d93ec7aa95c2fdc054de63f886687d,34369b950aab9899,400.0,400.0,63771,
Maize leaf blight/leaf blight904_.jpg,maize,leaf_blight,maize|leaf_blight,7a613ec600e2cef0e0fe1b131304dc6528b9c89ff60c5aa568beb9acfb7c3c1d,1f97d5c584242730,400.0,400.0,65786,
Maize leaf blight/leaf blight905_.jpg,maize,leaf_blight,maize|leaf_blight,004e63096ea3d6e8d58e7935a7c91edc58e13a1905fdf493326b7825f8fcf5d1,6dbd3b2b89d4c0a4,400.0,400.0,60668,
Maize leaf blight/leaf blight906_.jpg,maize,leaf_blight,maize|leaf_blight,107bff931621d55c0acfa6db01e73387dde03229ca7e933692ef7172d61e3a33,acb6e72f36d6dcf9,400.0,400.0,58373,
Maize leaf blight/leaf blight907_.jpg,maize,leaf_blight,maize|leaf_blight,ac899378df167d3d906faa5be3fd4750fd224f116d946ae6208d1f22b4a15d6e,17b39692d95bf9ed,400.0,400.0,60290,
Maize leaf blight/leaf blight908_.jpg,maize,leaf_blight,maize|leaf_blight,6beb1be7e90745be8c3c8dc01ec96f2dfcc71ecf94df91d7d8e05b3967f7b6af,4c4ceca131b0c8dc,400.0,400.0,59190,
Maize leaf blight/leaf blight909_.jpg,maize,leaf_blight,maize|leaf_blight,e85a48778c8a6333add74da0d64b0ea38f943dbd7e6ae1e137af92bf8799227c,4a68f1b9ecf472b2,400.0,400.0,56958,
Maize leaf blight/leaf blight910_.jpg,maize,leaf_blight,maize|leaf_blight,831b6b93ce96ad71668f79a53b9087684bb92c534216db39cf21aaff46b77db1,4db9be74e8fcf071,400.0,400.0,60832,
Maize leaf blight/leaf blight911_.jpg,maize,leaf_blight,maize|leaf_blight,e7b8a9456c3d4db1ee9e811acf80da2c02cb45e4e9886352420ff0c435535625,97242c20c72674ed,400.0,400.0,63680,
Maize leaf blight/leaf blight914_.jpg,maize,leaf_blight,maize|leaf_blight,f4a5e5c79a159a8ae1c3e1b03f545d3342b6b63f8507b0d0155bb2e13487d65e,ab9e38e06a6a686a,400.0,400.0,50372,
Maize leaf blight/leaf blight915_.jpg,maize,leaf_blight,maize|leaf_blight,d0bd894d490ac711b38a6080d4b742487ccfff12f23bdfa66e7c6e3bc0e2d737,87dc308439c8c8d9,400.0,400.0,58937,
Maize leaf blight/leaf blight916_.jpg,maize,leaf_blight,maize|leaf_blight,ce3499daabd640d1f2dea58944e717411cb33f814295cebec5863ae03a77f607,463cf1c233b392bc,400.0,400.0,67202,
Maize leaf blight/leaf blight917_.jpg,maize,leaf_blight,maize|leaf_blight,b8dbb7fe90fb6cb0f7d5ad7993bd2f1260b8c6f4b4f7f2044021f29f8848d1a6,4c6970e991217e9c,400.0,400.0,57046,
Maize leaf blight/leaf blight918_.jpg,maize,leaf_blight,maize|leaf_blight,6f635bcf7cfa6b283ae35eb6606e266012193ba0cc26a20369d5f8c241e762ec,303c7469d3a7459d,400.0,400.0,58737,
Maize leaf blight/leaf blight919_.jpg,maize,leaf_blight,maize|leaf_blight,c05c4f7d4d30fe4398caf20e82b30e9ecc6d97e263ad5e276a016053a909a0a7,b0a4e2e3b5d35a69,400.0,400.0,52066,
Maize leaf blight/leaf blight920_.jpg,maize,leaf_blight,maize|leaf_blight,cf08f4907ab022c25e1ba329833976407d9a2c72c281c055aed8219c2f9bc06e,e6e0faf9d9b9286c,400.0,400.0,48342,
Maize leaf blight/leaf blight921_.jpg,maize,leaf_blight,maize|leaf_blight,bea2337dc7e6607f54fe0caa7574dcda976f4a205ba6885e52c29ad0f60a4de3,77b1dae8c1871a5a,400.0,400.0,51218,
Maize leaf blight/leaf blight922_.jpg,maize,leaf_blight,maize|leaf_blight,305eab909ade4595d8aefe888be572670238f0d75e48a2fb68e278395815e85d,f64e6871468c3964,400.0,400.0,49530,
Maize leaf blight/leaf blight923_.jpg,maize,leaf_blight,maize|leaf_blight,54450cc0ec2796383a72e3426f83c969e6072c0edb001778b0a5b1e0f16c478b,ac6d5ab9f3ccd932,400.0,400.0,55076,
Maize leaf blight/leaf blight924_.jpg,maize,leaf_blight,maize|leaf_blight,9d8b9d713014a16583b557f4f26fcadc5ff39a955fb6f335304718020d70c0e0,77f7d6d6b47a668d,400.0,400.0,59796,
Maize leaf blight/leaf blight925_.jpg,maize,leaf_blight,maize|leaf_blight,161d5b211e01318e7aa2d0d17e57994f90b5a6cf8b95c740fabbbca58f43f4e6,76d9fbe3e3ef66e5,400.0,400.0,58180,
Maize leaf blight/leaf blight936_.jpg,maize,leaf_blight,maize|leaf_blight,e1f2fc853b3f498fb0409660c427bade91e3d2e14202639710b4ed58df9d3e09,8f9dbc78e0ada4d4,400.0,400.0,58066,
Maize leaf blight/leaf blight937_.jpg,maize,leaf_blight,maize|leaf_blight,d4e9eb432e101e0c4e0fc8d12b2c160fad9dda61bc272cb87346151c3a725f48,d6870400c1c76467,400.0,400.0,43529,
Maize leaf blight/leaf blight938_.jpg,maize,leaf_blight,maize|leaf_blight,77ad9b7b74bc2ac62e4461b08eb6022345b46930ff23206b9171379f923bda16,3c79e2b83022ca9f,400.0,400.0,45608,
Maize leaf blight/leaf blight939_.jpg,maize,leaf_blight,maize|leaf_blight,a809dec8957899790829e4abcb7fef3d8b03617dee39301a4cb4d2a4abdaf5d6,73f2c6b8f1c18c36,400.0,400.0,45357,
Maize leaf blight/leaf blight940_.jpg,maize,leaf_blight,maize|leaf_blight,f24e589be2b9c7578ff5f9f0d2670e13099d8af1257ce3457460061f89215011,5ffec89030e2861b,400.0,400.0,53066,
Maize leaf blight/leaf blight941_.jpg,maize,leaf_blight,maize|leaf_blight,2e54adaa0e6b9c5fb81054cbcbbef35ee2a26049b7e429a4a4aaef19a1141979,af2e5cb82831cc8c,400.0,400.0,43576,
Maize leaf blight/leaf blight942_.jpg,maize,leaf_blight,maize|leaf_blight,a0b033954e61ad2e774eb8e781fcb764c44dd68d8ba4bd2ffaecd82815afa60b,bb5cb874e9e3d999,400.0,400.0,52896,
Maize leaf blight/leaf blight943_.jpg,maize,leaf_blight,maize|leaf_blight,0222f65cbceef7b327c3c4040f20bd083cf85d8344e2cc1d7dd479a4ace8f63c,367cb064d2e7c3b3,400.0,400.0,47892,
Maize leaf blight/leaf blight948_.jpg,maize,leaf_blight,maize|leaf_blight,26dbeb589c13bd7c04db33ba32e13835f2f085709c67c650bb0f631d29d591d5,e0e1c0f4fc3c0160,400.0,400.0,37385,
Maize leaf blight/leaf blight949_.jpg,maize,leaf_blight,maize|leaf_blight,d9f0a64244f333f1efd763779c3cbf03209e28fc9997feb5a6a7a9103fa23b6f,fe3766cf9e383167,400.0,400.0,50670,
Maize leaf blight/leaf blight950_.jpg,maize,leaf_blight,maize|leaf_blight,f1ede7617c5b9bd8262767be4fbad2abfff8742394c7692f7e9980e04d34d492,8d47e2eb7d3c3b5b,400.0,400.0,55699,
Maize leaf blight/leaf blight951_.jpg,maize,leaf_blight,maize|leaf_blight,1b1d52f7e4029c8aac52e0910d216c5f80980fcab00c13a90008cb28d8a84de7,2f2b2b2f2d1d8f86,400.0,400.0,34411,
Maize leaf blight/leaf blight952_.jpg,maize,leaf_blight,maize|leaf_blight,8243d112027879e2e239a1392669e29f5a6150164ce32435289332c6fcf62169,97878783830349c9,400.0,400.0,44826,
Maize leaf blight/leaf blight953_.jpg,maize,leaf_blight,maize|leaf_blight,adb8350f586b927d6be6c985b90d5dc31a3a46027325aa7799ee0031e0ff5aed,230b0a6a68189aca,400.0,400.0,48579,
Maize leaf blight/leaf blight954_.jpg,maize,leaf_blight,maize|leaf_blight,e25ab29ea1f645ec7066b8c5627598e920b59f4df24f5d6882759975cad4b8e1,0c8c84a4c64bc372,400.0,400.0,47219,
Maize leaf blight/leaf blight961_.jpg,maize,leaf_blight,maize|leaf_blight,31280afffb2db407bf18c3a2d8511b92b1ba15a66ca6d98f578096d73ac20437,80020247830490e1,400.0,400.0,62203,
Maize leaf blight/leaf blight962_.jpg,maize,leaf_blight,maize|leaf_blight,a088e7ee78f8a27f4f0b4d33a2ec5ea1d526b59d7c683eabe85248d9c42e742b,0004181000800c64,400.0,400.0,76682,
Maize leaf blight/leaf blight963_.jpg,maize,leaf_blight,maize|leaf_blight,3a64b4446f15e3e0bc97cdd5d3b3205e3ebb27ec703bea1e74471d92391dc1ce,20000a06040ccc48,400.0,400.0,78786,
Maize leaf blight/leaf blight964_.jpg,maize,leaf_blight,maize|leaf_blight,ed184ff1e634ba9b179101f067b34dcdd0055947ef2439e36a026f891dde67db,24c00104011b3405,400.0,400.0,70949,
Maize leaf blight/leaf blight981_.jpg,maize,leaf_blight,maize|leaf_blight,da5e84b1fa4664556ed33600ecf6888f8c7f172e55bc72a480e7d125cfec3239,e2e3f2f6fffb7931,400.0,400.0,54370,
Maize leaf blight/leaf blight982_.jpg,maize,leaf_blight,maize|leaf_blight,b72e28c21a6843be8cd5f4be847cfdb94ede02fbc827e381caaa12d05a3dd4fa,1c2e1f9cb8e19b98,400.0,400.0,56335,
Maize leaf blight/leaf blight985_.jpg,maize,leaf_blight,maize|leaf_blight,19bb53c23dbe8250f19b682c587c975248a7dd738b9b63d76019cb7da1fb56b7,f0f2e364e8898f83,400.0,400.0,43340,
Maize leaf blight/leaf blight990_.jpg,maize,leaf_blight,maize|leaf_blight,4b63a927972f6d7e696efcc6c5b26c759ab41d5f0f4cb56051d878166f36b659,f0f0f4d6d7d6f2e6,400.0,400.0,42522,
Maize leaf blight/leaf blight999_.jpg,maize,leaf_blight,maize|leaf_blight,cd57eed490d62ab71e06c300199b62bc682830fb32f69d5aced02fce0bf61298,e4f2bc1f2341c189,400.0,400.0,54324,
Maize leaf spot/leaf spot1064_.jpg,maize,leaf_spot,maize|leaf_spot,4b63a927972f6d7e696efcc6c5b26c759ab41d5f0f4cb56051d878166f36b659,f0f0f4d6d7d6f2e6,400.0,400.0,42522,
Maize leaf spot/leaf spot10_.jpg,maize,leaf_spot,maize|leaf_spot,24b2871f4e1771b644d4619fcf963a28cf85a1a50b4def46b1f18a7e51fb3ccc,b4f1f03c1fc68361,400.0,400.0,48902,
Maize leaf spot/leaf spot115_.jpg,maize,leaf_spot,maize|leaf_spot,d01b525207a579e2c745efd2f2a29abf2e74d546208c76ddad38a93ff837be0b,e10c3966de3064e8,400.0,400.0,51137,
Maize leaf spot/leaf spot11_.jpg,maize,leaf_spot,maize|leaf_spot,48a8106773b936ca56f41322a6e3b7cd2c4c2e16b7c84596c82038d8c796faf0,e0e2682f8e8683d3,400.0,400.0,48899,
Maize leaf spot/leaf spot1229_.jpg,maize,leaf_spot,maize|leaf_spot,cd57eed490d62ab71e06c300199b62bc682830fb32f69d5aced02fce0bf61298,e4f2bc1f2341c189,400.0,400.0,54324,
Maize leaf spot/leaf spot1240_.jpg,maize,leaf_spot,maize|leaf_spot,5b63d697a5ddf472afaf88fb5e3f930f49383c569e5eb7273da0131b9527e492,e731ecfcf0d1f0b0,400.0,400.0,46742,
Maize leaf spot/leaf spot12_.jpg,maize,leaf_spot,maize|leaf_spot,a7fa215b394803fbc9f8e3b9692e89455e6b5b79cc91510b825f46f1c364250d,ced2e7ca9f3f6e64,400.0,400.0,50368,
Maize leaf spot/leaf spot13_.jpg,maize,leaf_spot,maize|leaf_spot,4a9cafb4b545f0d57f5b5e57082f942f4c2bebbe04236268da99f9a83b13f613,c3d6c6c25e3f7f6c,400.0,400.0,47165,
Maize leaf spot/leaf spot216_.jpg,maize,leaf_spot,maize|leaf_spot,65d02658f05eee86c3795abc36da854e95cad8f0933722b009628f2e78092b3d,b8d1a043c37b7cba,400.0,400.0,81868,
Maize leaf spot/leaf spot21_.jpg,maize,leaf_spot,maize|leaf_spot,50c3bce23aea88e9e4e2276d3db41db4f827acad05de77427c46c50b8d08d633,624e9e3c7c7ab0b4,400.0,400.0,61666,
Maize leaf spot/leaf spot312_.jpg,maize,leaf_spot,maize|leaf_spot,0c4a13bff53f6b680f21381cab35336b3e00b6e7ca2f2057fcee8883b2ac2643,b3b6125dc4733b97,400.0,400.0,60942,
Maize leaf spot/leaf spot327_.jpg,maize,leaf_spot,maize|leaf_spot,520c07216b2d942681134424bbbe13e9fb5ba737f9664335fd758af21de0add0,a3933343c692caca,400.0,400.0,48243,
Maize leaf spot/leaf spot328_.jpg,maize,leaf_spot,maize|leaf_spot,f66562b33be7de57eb365dfd3c1c836bc1c14f1d8f9db420622260929cabf806,c0793317333383d2,400.0,400.0,31360,
Maize leaf spot/leaf spot348_.jpg,maize,leaf_spot,maize|leaf_spot,c4c567431e0dec9d6deeb2e01aa7b10d23af36f4eb358eb8cedb893cd66e61eb,3c66d9f898f8f821,400.0,400.0,53031,
Maize leaf spot/leaf spot349_.jpg,maize,leaf_spot,maize|leaf_spot,c5d8fad62dc1b95475e684516dd8910a2cbee267ce333725448c3d37da0c370b,beba7c363a3a9a3a,400.0,400.0,79573,
Maize leaf spot/leaf spot350_.jpg,maize,leaf_spot,maize|leaf_spot,c477ef7156e853600c5735c345804187ec9e906857349914fc348daaead74892,e8e8686ae8602a29,400.0,400.0,64658,
Maize leaf spot/leaf spot356_.jpg,maize,leaf_spot,maize|leaf_spot,892b9a9aab7561e1f22c52a3dc31166abcda77d0ece9924719d8a8d84c148624,c7c7af8b8e8b9313,400.0,400.0,36222,
Maize leaf spot/leaf spot357_.jpg,maize,leaf_spot,maize|leaf_spot,0f5b5b3a483639c8c89cc14b29dc82a8e5a7f12f566aed2294f0d6261e9dad5f,28147674375e0623,400.0,400.0,40224,
Maize leaf spot/leaf spot358_.jpg,maize,leaf_spot,maize|leaf_spot,4b5ccb30236d130642f1516b638ce79e25ea4d5d5751f764c88b17c31796385a,28a465e577564e06,400.0,400.0,42128,
Maize leaf spot/leaf spot359_.jpg,maize,leaf_spot,maize|leaf_spot,e74eca324216a6da4ca3855660f1d95ee3b2fe213d8f6ecb62ac8978f3d5da4c,e36060b4b6b771d4,400.0,400.0,56995,
Maize leaf spot/leaf spot360_.jpg,maize,leaf_spot,maize|leaf_spot,88e022c33363fb59374a9d4f787e7492bf999745da5cea43e2d5a18c912cefe9,cc9838f0f4acaeea,400.0,400.0,53350,
Maize leaf spot/leaf spot362_.jpg,maize,leaf_spot,maize|leaf_spot,a6cc0f07b01aa559e7106da69392feed6dfef4f4084b9ebaebff0f9293dc8f27,ba3f7864e2f0f066,400.0,400.0,50890,
Maize leaf spot/leaf spot364_.jpg,maize,leaf_spot,maize|leaf_spot,7121311d777ae1371f045ac9d496b9d0a97e4f5f10931b743661d81162d35ac2,064cecfff8c85872,400.0,400.0,60417,
Maize leaf spot/leaf spot380_.jpg,maize,leaf_spot,maize|leaf_spot,66a7dee679096bdf8f1676387a5c2ad5d9a4657bfb5d18a1535221b88a456ed2,b0a8f93bc68ef1e2,400.0,400.0,76782,
Maize leaf spot/leaf spot381_.jpg,maize,leaf_spot,maize|leaf_spot,0f999f233cb36eea1e46c709123fba9fc6ad3a532872923a61e2ab4eb692e6bc,4df3300018d9e3a7,400.0,400.0,73559,
Maize leaf spot/leaf spot382_.jpg,maize,leaf_spot,maize|leaf_spot,101624fe5e87a1453aaf5280ccfd035d77eda74244fb394a708a0b2bad76c88f,5d9d5f590810301e,400.0,400.0,60392,
Maize leaf spot/leaf spot383_.jpg,maize,leaf_spot,maize|leaf_spot,dafc81fd7f401b76b20788b20dd04a872f8010d4534506592f3fd4df169fb8bf,cc0e8e6068693b86,400.0,400.0,51020,
Maize leaf spot/leaf spot385_.jpg,maize,leaf_spot,maize|leaf_spot,37f97e9600c9389d781ee084e392e34a84dfcbfbf06fe9e5634e062cff6087e2,5bdb4e4e0c2e2b33,400.0,400.0,44792,
Maize leaf spot/leaf spot386_.jpg,maize,leaf_spot,maize|leaf_spot,96b689534b806179abbff66665c588620732ad4e225091c7a1dcef106d7de0c7,a8f9f2f088d03292,400.0,400.0,50326,
Maize leaf spot/leaf spot387_.jpg,maize,leaf_spot,maize|leaf_spot,253db9121debaf8ba984acb50e911f43fad28b386444d844c712b11b5cb9de0c,e08000000c031838,400.0,400.0,41071,
Maize leaf spot/leaf spot388_.jpg,maize,leaf_spot,maize|leaf_spot,63c240f7305e3d335629ba65d8cf190d62db560c34a5f871acd6b16656ba47fd,b061c00004088c46,400.0,400.0,57256,
Maize leaf spot/leaf spot389_.jpg,maize,leaf_spot,maize|leaf_spot,989c2a5d539f4fee856eae37b090dbb5fd4ac1825791a83e4ef511713f3f52b2,29c4466ad99999d8,400.0,400.0,40218,
Maize leaf spot/leaf spot390_.jpg,maize,leaf_spot,maize|leaf_spot,2c74e9128f7a5f359a01cd4a5e9b0c96d4637dd87003f874a213a60f08ab0b55,a10c9ebcf8a347c9,400.0,400.0,72566,
Maize leaf spot/leaf spot391_.jpg,maize,leaf_spot,maize|leaf_spot,3c325105336a52537d0c785196f4a956251c4349227537bb39039b34a6532df5,37276561a6aeaaac,400.0,400.0,59082,
Maize leaf spot/leaf spot392_.jpg,maize,leaf_spot,maize|leaf_spot,25e9e4e14ea7fe2fa778b86047fda7414c35b6646576924dd7526e8502f7f742,30b0f3e7db1b8fc4,400.0,400.0,88955,
Maize leaf spot/leaf spot393_.jpg,maize,leaf_spot,maize|leaf_spot,bdbf5c5a67f26aa8a5350191b0e0f030758bfd8995a347a304d8f709181f14cc,c7991c0effde8f87,400.0,400.0,49945,
Maize leaf spot/leaf spot394_.jpg,maize,leaf_spot,maize|leaf_spot,8d27aa41bf6092e67b75ef4dcc0c12267c76faf8fa65978bfc5bbfbd436ae776,f3c08c8f81989898,400.0,400.0,65233,
Maize leaf spot/leaf spot40_.jpg,maize,leaf_spot,maize|leaf_spot,0b622afe2d416a447484ab4699f1c1411fbb3003966526ff9249d8bc5796936b,5060b6e3e1981c00,400.0,400.0,36624,
Maize leaf spot/leaf spot410_.jpg,maize,leaf_spot,maize|leaf_spot,f3c51e917822bb592d1af3346491e067f685806f2f79e5edac5d8b767e1d521c,83e3e3a9b498f2d1,400.0,400.0,45251,
Maize leaf spot/leaf spot426_.jpg,maize,leaf_spot,maize|leaf_spot,749bfc6f75643736885d6903d5d9d9ecf4bc1ed295d4b90a1dc9a4e00277bec3,8d8d9cc8d092e283,400.0,400.0,83199,
Maize leaf spot/leaf spot427_.jpg,maize,leaf_spot,maize|leaf_spot,39f5bfaaa674eaa6f4ad8d2eb65064fc497af0402900806bade57f91264e1518,6070c8d0b8b4b478,400.0,400.0,82018,
Maize leaf spot/leaf spot428_.jpg,maize,leaf_spot,maize|leaf_spot,417ee74d511e30c830b9ec1cf33cf57799207c670eb1fcaa65bfe669317bf7d2,c68f0faab0963214,400.0,400.0,74185,
Maize leaf spot/leaf spot429_.jpg,maize,leaf_spot,maize|leaf_spot,689c81502b104ad9d1a38651fa583c4dbc150cc43829bfb0d11e814e8be31767,b4f6ac2496553415,400.0,400.0,44309,
Maize leaf spot/leaf spot430_.jpg,maize,leaf_spot,maize|leaf_spot,4af63e48dcf1669f37ad453d43f904a11cf4212807498daac0da77552242c994,4d4953e1914a8b2c,400.0,400.0,70278,
Maize leaf spot/leaf spot431_.jpg,maize,leaf_spot,maize|leaf_spot,f208ce6fed3a1f8379094d40ca6a2ba153348ce2d31f88cbea766357b7468a29,ecc1d99f83d3d39a,400.0,400.0,61360,
Maize leaf spot/leaf spot432_.jpg,maize,leaf_spot,maize|leaf_spot,b730d58b348964897885725974e3b627d346babc15417f03b8417d1fb7102339,3b63d39234595c1e,400.0,400.0,52370,
Maize leaf spot/leaf spot443_.jpg,maize,leaf_spot,maize|leaf_spot,52de8fa7df364745feddd726d64b80ea999ba95d3ea54e45d8563f6ad6030464,edce4f6f6b5a5ede,400.0,400.0,52012,
Maize leaf spot/leaf spot445_.jpg,maize,leaf_spot,maize|leaf_spot,4b9562a0364111b0ef65ca2556e35b2dae1f0e6b5ad02903e2257904038f1e2a,9292d24249dbd9d9,400.0,400.0,72478,
Maize leaf spot/leaf spot446_.jpg,maize,leaf_spot,maize|leaf_spot,e1c7eb7f56e32f7386b264b8cf91aea2add13412db14feaf195ee7e09a4095a2,d0d273d3d2d153d3,400.0,400.0,69436,
Maize leaf spot/leaf spot447_.jpg,maize,leaf_spot,maize|leaf_spot,547fff1b11130c5e317a07cb6519dd988931350da802305d945a85535406545c,7454129292939393,400.0,400.0,64211,
Maize leaf spot/leaf spot448_.jpg,maize,leaf_spot,maize|leaf_spot,22d1f699c7ea908495a4c4f021554b012825e031cd9a1890f607abe7ab59afc7,3e343436b6b6b7b7,400.0,400.0,75686,
Maize leaf spot/leaf spot449_.jpg,maize,leaf_spot,maize|leaf_spot,5a728a09bf4c51c69a81ee4a94fab726b8846d162edee92cdcce703a94eb0732,e2b4380d9ebcb436,400.0,400.0,61173,
Maize leaf spot/leaf spot450_.jpg,maize,leaf_spot,maize|leaf_spot,8fad8f16848269ff5da9b4fef6d4dcff32679b827b615d3822af77402300c824,e979d99b9b5b89cd,400.0,400.0,64562,
Maize leaf spot/leaf spot451_.jpg,maize,leaf_spot,maize|leaf_spot,8b2619a69dd5be28e2c59c19d7c1037dad2bbac1d12b230c0278a53099428ca2,2c6666f4fcdadadb,400.0,400.0,73718,
Maize leaf spot/leaf spot452_.jpg,maize,leaf_spot,maize|leaf_spot,4a5aced41222c5475751badb1eac36c8b143bacea08881badf78496dff023115,86e66672131317fe,400.0,400.0,71389,
Maize leaf spot/leaf spot455_.jpg,maize,leaf_spot,maize|leaf_spot,c518a778d013913110950ab3d8bea00563675bf3939481755c7bb8029af4ce44,cbd89694adf7de9a,400.0,400.0,77991,
Maize leaf spot/leaf spot456_.jpg,maize,leaf_spot,maize|leaf_spot,2bf7542b5fa27044dc854a8d1be37273c60d41e79f881b89a82261867cf96d43,b761c192b92f6e7c,400.0,400.0,65734,
Maize leaf spot/leaf spot47_.jpg,maize,leaf_spot,maize|leaf_spot,ac6478a468985bec465425e28b39f06a8e0991ab12b4bc666ac768e134b9acad,694814880c206464,400.0,400.0,56945,
Maize leaf spot/leaf spot48_.jpg,maize,leaf_spot,maize|leaf_spot,6aa4814a0edbe64d5b8c9d80d8de08927226cfb45691d2f9f9056c84db199ee8,a0a484c404302006,400.0,400.0,58344,
Maize leaf spot/leaf spot519_.jpg,maize,leaf_spot,maize|leaf_spot,816fb51ee9115ece058b7da15ffcc39cc9277d11346699b862eef16616dec92d,613296ccc94184c9,400.0,400.0,49372,
Maize leaf spot/leaf spot581_.jpg,maize,leaf_spot,maize|leaf_spot,41969df32485eda55928c77dbac1663329334f031cd5a8af759ab1bb6e0c7277,2c0c6a8899b0488c,400.0,400.0,43158,
Maize leaf spot/leaf spot582_.jpg,maize,leaf_spot,maize|leaf_spot,a18fe6e223ec6d3e154c1e2820555d0d29607dc5f7d070b9ba1afd16104dd3eb,f39f8420c4cd0dcd,400.0,400.0,51581,
Maize leaf spot/leaf spot588_.jpg,maize,leaf_spot,maize|leaf_spot,061468cc4909e6befda3d392192dfb276a5c8fc21f8e28c64d9cd0e6f86fdb49,2706022f4c2c2a9b,400.0,400.0,67302,
Maize leaf spot/leaf spot589_.jpg,maize,leaf_spot,maize|leaf_spot,7c7f035b9a561c8255dd9af5fb1c59270dede0072ec4e9388db633a997187552,7c6e67b7dcce94bb,400.0,400.0,72886,
Maize leaf spot/leaf spot58_.jpg,maize,leaf_spot,maize|leaf_spot,7271cc6c372d449182d6f0c1efed4af17666aeb4622e83d000fe4c058377ead1,ac1851030f1f6f3c,400.0,400.0,37205,
Maize leaf spot/leaf spot627_.jpg,maize,leaf_spot,maize|leaf_spot,547c051ad2b2eb6ce6072542f41c5f3c42e4d060d4c57e549f1860213b56dde9,607c7e3fff9f7e7c,400.0,400.0,58436,
Maize leaf spot/leaf spot628_.jpg,maize,leaf_spot,maize|leaf_spot,9aa9cbfa849d6349434d0a567cd9c96d9c02e3061b232fcde4af4cc8ab150ae4,1373731998dcfdf8,400.0,400.0,63959,
Maize leaf spot/leaf spot661_.jpg,maize,leaf_spot,maize|leaf_spot,cbcfbec22dfaa24124ff6f424dbe3bb17fd2a2e46cb3efec3b0b3501660c13ba,6c46400007330389,400.0,400.0,54849,
Maize leaf spot/leaf spot663_.jpg,maize,leaf_spot,maize|leaf_spot,98b81ae77f66aef69aecbf3cbfe1acd34139338f060d0be31fce456635e053b3,7070f03355f4b47c,400.0,400.0,55384,
Maize leaf spot/leaf spot664_.jpg,maize,leaf_spot,maize|leaf_spot,3c3bd9bacc00b9ed57c2f4f9c02d3446ed8c5ba6f282eaf66e4da6fad61a3d69,6262e2e46061e96b,400.0,400.0,51596,
Maize leaf spot/leaf spot665_.jpg,maize,leaf_spot,maize|leaf_spot,80f58cb61873cdad0d26259327c8bd990af2811a93a9ea6dd871be7072659822,cc6c697376e2e2e0,400.0,400.0,56808,
Maize leaf spot/leaf spot666_.jpg,maize,leaf_spot,maize|leaf_spot,23761eca453d6cd2961ab6773154cd4431f60bff629d659dd9c160e8b1cb1868,e97938d9dd5ddada,400.0,400.0,57930,
Maize leaf spot/leaf spot667_.jpg,maize,leaf_spot,maize|leaf_spot,b64714ba0dba89c939b32558af1b85a6202ea783b902440e14a8f513859168f0,b956c6e4ccc4a6a2,400.0,400.0,67846,
Maize leaf spot/leaf spot668_.jpg,maize,leaf_spot,maize|leaf_spot,ec2f446a364328630d2cf46ee230d278f8fe985d350a7a1c5c18bc84028e66ce,1b96b0213212d848,400.0,400.0,63744,
Maize leaf spot/leaf spot669_.jpg,maize,leaf_spot,maize|leaf_spot,b2cc5374f1e1fa0fdc6f7f8f911eac46fcf931475ce47ca36e3827cd0905097d,c3f3a7fff9793939,400.0,400.0,53336,
Maize leaf spot/leaf spot670_.jpg,maize,leaf_spot,maize|leaf_spot,cc40076a49cdd71b0d9e9af6799fbd04707d9d06536bf54d45884c4f189dca28,72f6f67bf8be9e98,400.0,400.0,62966,
Maize leaf spot/leaf spot679_.jpg,maize,leaf_spot,maize|leaf_spot,ecff1fb5b6d86659c9d0c5d651214de7a0812750e645a6402d9bf54fc291f995,632f70e127d20e76,400.0,400.0,48900,
Maize leaf spot/leaf spot680_.jpg,maize,leaf_spot,maize|leaf_spot,24abae8389deaecc4fc9c451463bf654541503a7ae7a85812dd61c3ef1e17fcd,ac9fbce48e1c2c1c,400.0,400.0,53047,
Maize leaf spot/leaf spot681_.jpg,maize,leaf_spot,maize|leaf_spot,86951672a437e7c30e0ffd2514d3c56a5e07fcb087b95344c563d979c2257e4c,4cdcfcc6087070a0,400.0,400.0,51392,
Maize leaf spot/leaf spot691_.jpg,maize,leaf_spot,maize|leaf_spot,5fdc135388ceb58b97c0869900adde3526485394fdb02f1fbd711036f095a982,eee62481832e4eda,400.0,400.0,55054,
Maize leaf spot/leaf spot692_.jpg,maize,leaf_spot,maize|leaf_spot,b47ce75bc1311771a7fe8476564faa61c3fa33cac9a3d31f3a49e15d0e9c89ca,d9e262061e38b939,400.0,400.0,64811,
Maize leaf spot/leaf spot693_.jpg,maize,leaf_spot,maize|leaf_spot,d76984ae0f946677fefaca1fe69a0219591a1b9c36d6f21218df73da7445bc92,f9ac20b171cb6665,400.0,400.0,65875,
Maize leaf spot/leaf spot694_.jpg,maize,leaf_spot,maize|leaf_spot,17e501d0141a89fbfa9803ff218f6466a08f91f1d9412bb006560b8e23038958,b6784463a68ec684,400.0,400.0,61530,
Maize leaf spot/leaf spot695_.jpg,maize,leaf_spot,maize|leaf_spot,dbf4fff400a5ff207122b5745ce3f78af08a8ff42a2bd6a891b64ac30fe7f25b,3c7c7cf33236c515,400.0,400.0,52292,
Maize leaf spot/leaf spot696_.jpg,maize,leaf_spot,maize|leaf_spot,beea190ba714c28cf8aa05a4850b0bd294558b7539ed099e2684bb205bdef9f1,33fafa8edcccce2e,400.0,400.0,52622,
Maize leaf spot/leaf spot6_.jpg,maize,leaf_spot,maize|leaf_spot,0707e499c914856928f781f771b142bb9ca59e582c0702250cf3b7dd0fb0b81c,1f1e9cf364ddb3e7,400.0,400.0,54766,
Maize leaf spot/leaf spot707_.jpg,maize,leaf_spot,maize|leaf_spot,b0fff67904db3dd3a8d83f8dc8df780a42d8fbce4fff0d0c4c1dc72927e61496,3664e4c4e0e03c36,400.0,400.0,69526,
Maize leaf spot/leaf spot7_.jpg,maize,leaf_spot,maize|leaf_spot,46765789a6e171b127319bcb327df75e82fa54a8ea13ff473ae766fbe01430c6,60c3c59b9bafe7f6,400.0,400.0,52688,
Maize leaf spot/leaf spot820_.jpg,maize,leaf_spot,maize|leaf_spot,5bd141f6973d0a4905738e56b438303786aa8b13f8fe8a91525a33b9817af744,0c0cec68a81fd1d1,400.0,400.0,49071,
Maize leaf spot/leaf spot821_.jpg,maize,leaf_spot,maize|leaf_spot,1178c1237ee5e2465f9e79bf71503379d1f6caa4f0bc15b2513936885b4af653,8183b6c0c081924e,400.0,400.0,53290,
Maize leaf spot/leaf spot822_.jpg,maize,leaf_spot,maize|leaf_spot,2b52a3607e83cc1bd13c7339006f1874021f51fdacf83334a4dd6e6dbf406bfb,98183620010d3971,400.0,400.0,49332,
Maize leaf spot/leaf spot823_.jpg,maize,leaf_spot,maize|leaf_spot,10c5cc2f7a3c97f6ae1e633ce75f237b2a1f8ae8403cbe875da8af2cc0c2b99c,d8d2bcbcfbe99c9c,400.0,400.0,43297,
Maize leaf spot/leaf spot824_.jpg,maize,leaf_spot,maize|leaf_spot,0934a15996b1275b40fc9b1779fe231f665676c0e0233fba7c0bfa6a3662174d,b8b4e4fee3319898,400.0,400.0,52013,
Maize leaf spot/leaf spot825_.jpg,maize,leaf_spot,maize|leaf_spot,cde121e231720eb4f234da6d045805bfd935653d18d55378f28d30e5b8eb39a9,4af069481967c770,400.0,400.0,40690,
Maize leaf spot/leaf spot826_.jpg,maize,leaf_spot,maize|leaf_spot,1c521fb65fca9eee37925a1bf93a74a28f584772faba2240caf8f2326362b9d5,7d3896c5e6e4c88c,400.0,400.0,44906,
Maize leaf spot/leaf spot827_.jpg,maize,leaf_spot,maize|leaf_spot,1e720f9e45c447326949e233d13922188179ff0a1761fb5a573f79654897b2a5,9b1118206559d9c8,400.0,400.0,39548,
Maize leaf spot/leaf spot828_.jpg,maize,leaf_spot,maize|leaf_spot,f2121a6c2b8957bce131460f64ca2729dac19be6eac1cee2e5aa1790d666ebc6,d9d77f7831680834,400.0,400.0,52223,
Maize leaf spot/leaf spot829_.jpg,maize,leaf_spot,maize|leaf_spot,7a7bbf1eed1c63d7ea5f995f100deceeaa20ad0177165d5c0af4e11b08b39e98,948e9878c0c9d1d0,400.0,400.0,37639,
Maize leaf spot/leaf spot830_.jpg,maize,leaf_spot,maize|leaf_spot,cd950389f8a5ddd9ed5e3c16c3f562c805ca53a3e759c2804c416f19006b1059,8462c088b031d9d0,400.0,400.0,49175,
Maize leaf spot/leaf spot831_.jpg,maize,leaf_spot,maize|leaf_spot,e37f32ba5aa8230fd7a51d1915b906621e5ed2dfa4d3cadcac15dff14cf02313,7163276460e24694,400.0,400.0,46449,
Maize leaf spot/leaf spot836_.jpg,maize,leaf_spot,maize|leaf_spot,78e9aee9fcb5a7646bd209699ef100dd71901cda3d3467f99eb6c9e7a2aac1cf,1f3c61db790c272f,400.0,400.0,54045,
Maize leaf spot/leaf spot837_.jpg,maize,leaf_spot,maize|leaf_spot,33931cacfcc5beff8208260d781f044afb6d0458f822f0e5ed7dca095784ac56,eccc987812121dbd,400.0,400.0,56543,
Maize leaf spot/leaf spot838_.jpg,maize,leaf_spot,maize|leaf_spot,fb9466b0786f6e0815c1f17a0c7ac125c631a1c023058b6122ef72d1b71f151b,e46474c0c34bdaf2,400.0,400.0,54742,
Maize leaf spot/leaf spot844_.jpg,maize,leaf_spot,maize|leaf_spot,19d7d2ebeb33263c21ad8edc85d16c1415543292600224cc5658ed4f9a4960f6,f3e4f3ec39c63657,400.0,400.0,50244,
Maize leaf spot/leaf spot845_.jpg,maize,leaf_spot,maize|leaf_spot,93cc1a24bd12c3b97d5aa6c2107edcd381db2f649ad6df375dbd66e6964a761d,cc7ccd70853f2d8d,400.0,400.0,47418,
Maize leaf spot/leaf spot846_.jpg,maize,leaf_spot,maize|leaf_spot,e40edbcd87dd9a85494be1b01d2988184b579daaf682ab46e65a330d6449b0f0,e6b69e668632eb89,400.0,400.0,54354,
Maize leaf spot/leaf spot847_.jpg,maize,leaf_spot,maize|leaf_spot,b53b45f4f8b96774d0af2e1e48a14580e4e051423c97fb4884d405dc84f249e7,b272bcf0f2327272,400.0,400.0,64591,
Maize leaf spot/leaf spot848_.jpg,maize,leaf_spot,maize|leaf_spot,e445f642347f6032f8bd10e3d57da8daa6e43483b4b8156802471cb019cf2c92,e1e5c6f3c9d9e5a5,400.0,400.0,52214,
Maize leaf spot/leaf spot849_.jpg,maize,leaf_spot,maize|leaf_spot,ffd33d38c28d597440d1829b7c7b8b3507214f022f98562d8b65545f9f417d00,132569c380078e8c,400.0,400.0,64693,
Maize leaf spot/leaf spot850_.jpg,maize,leaf_spot,maize|leaf_spot,16057d0404a37c640e6e801a49c6d8882c5a1e000ac156bcb7b303035c8b2b74,44d3a38284063731,400.0,400.0,61003,
Maize leaf spot/leaf spot851_.jpg,maize,leaf_spot,maize|leaf_spot,6a8d6c454d94f9b3ccc2b0702269cbcf5d026919f5cca84f8c6089d062b9578b,61133238a08c082a,400.0,400.0,53766,
Maize leaf spot/leaf spot852_.jpg,maize,leaf_spot,maize|leaf_spot,03ff00a781571355189c402e9b6d9e05c5c2335d30b5e07125af855d1cda537f,3d347364d8d307ee,400.0,400.0,38942,
Maize leaf spot/leaf spot853_.jpg,maize,leaf_spot,maize|leaf_spot,c6de2978f5e193cc0a83cb05f58c6988e71472644e3b5eda2071b09f3466a869,5959c10e498360c3,400.0,400.0,59147,
Maize leaf spot/leaf spot854_.jpg,maize,leaf_spot,maize|leaf_spot,c4a87bf88010c11f08017078a42a83aa5160c135c0513786f58f79df95d89a32,daa6757c0e6de430,400.0,400.0,45656,
Maize leaf spot/leaf spot855_.jpg,maize,leaf_spot,maize|leaf_spot,a0f307ea3c67e7ca10f620a7a8f2e48fd52018e292828b471bbda1ee84499076,d30f700b3cf3d893,400.0,400.0,46791,
Maize leaf spot/leaf spot856_.jpg,maize,leaf_spot,maize|leaf_spot,a33fd0031f009bccf61d9b50cd671c4d1ef225a142b97cd40f4159acf2daa217,1e7f1fdb1e2edb63,400.0,400.0,59218,
Maize leaf spot/leaf spot857_.jpg,maize,leaf_spot,maize|leaf_spot,b4b7ef38a542bddce799407dde43d9111093741ea17a408c61507be1281ecd71,d6e6feffffbd7cec,400.0,400.0,48342,
Maize leaf spot/leaf spot862_.jpg,maize,leaf_spot,maize|leaf_spot,d8c92a62a788f21f1b57d82f188ef13ec18c43a4e0295b26710b76090241422d,d4f4d0507074393a,400.0,400.0,65172,
Maize leaf spot/leaf spot863_.jpg,maize,leaf_spot,maize|leaf_spot,1fc43219b705b6482513216e61a6c6a81d3074755ce6eb6c863251c0d3858303,4cb0d2e1a50d4d17,400.0,400.0,55037,
Maize leaf spot/leaf spot864_.jpg,maize,leaf_spot,maize|leaf_spot,b28aa7eb3c5e0a760262bd84e39fcd1c1ee630dda5d7515cd35a688e6d8bfabb,8c9cf2cfeeeec4ce,400.0,400.0,56716,
Maize leaf spot/leaf spot865_.jpg,maize,leaf_spot,maize|leaf_spot,7fe737a3144a806f8492a5ec57053c1f52bb1d17e80f66946187b7dc8b7506ba,2c2c0828ddbcc44e,400.0,400.0,49116,
Maize leaf spot/leaf spot866_.jpg,maize,leaf_spot,maize|leaf_spot,cb1ee39a2fe005f44ec0f6e434d3a8c6ea67fb3bd2d17fde2d1254b9c891f2da,e5e1fcf1f67264b1,400.0,400.0,56333,
Maize leaf spot/leaf spot867_.jpg,maize,leaf_spot,maize|leaf_spot,bfd8fee00f2e09a35bf2f2bdb5f205fe56d44dde1778b1de79f4d4b4ceb6e522,87a3eb99bdb153c1,400.0,400.0,55536,
Maize leaf spot/leaf spot868_.jpg,maize,leaf_spot,maize|leaf_spot,580a40a4243c29dc947a03d78f363b20a86d537193fdb8e67f32e4d0f1585eac,39b8fc46f6d22e0c,400.0,400.0,53903,
Maize leaf spot/leaf spot869_.jpg,maize,leaf_spot,maize|leaf_spot,a94e9c60f0a9c86fbd818436a313558d0d88f1a78eb0f8c2620311a752a723b1,aaa1e7bff3f3f3b6,400.0,400.0,64959,
Maize leaf spot/leaf spot871_.jpg,maize,leaf_spot,maize|leaf_spot,5594f7eb902dd28c09dd9fc90b749d47802b7cfc3a5fea7f0e3bb5635ddd6176,2f4c51f8fcfbf9d8,400.0,400.0,68798,
Maize leaf spot/leaf spot872_.jpg,maize,leaf_spot,maize|leaf_spot,40d3c281f80c774c1dcc2cf4b99e4855cff37d9947c5bce635a9ce04f7dee234,d7cbe0e0e8bbdec4,400.0,400.0,66927,
Maize leaf spot/leaf spot873_.jpg,maize,leaf_spot,maize|leaf_spot,6391c8878a1c5b3367a5d5ad32f8e1349e4df8247a705927d58f086cb280170d,6b6b28a8a6a22009,400.0,400.0,48476,
Maize leaf spot/leaf spot874_.jpg,maize,leaf_spot,maize|leaf_spot,c4a79be81d83d67b320076910f0c02f5d8e6f5a91f1f28d1216dff38ea6a7872,dc1e1351584c076f,400.0,400.0,44209,
Maize leaf spot/leaf spot875_.jpg,maize,leaf_spot,maize|leaf_spot,a2a8ca50374ecdb8445553f81469f7fdc3741f6155fd10c316f8e77a38a0d7f1,e9696fedf1f0642e,400.0,400.0,43404,
Maize leaf spot/leaf spot876_.jpg,maize,leaf_spot,maize|leaf_spot,821745e3012c20bc7885f605b3ec15666571157e3fe641c7f10258f9ed84235d,a5a795fdf4e9d9d9,400.0,400.0,47533,
Maize leaf spot/leaf spot877_.jpg,maize,leaf_spot,maize|leaf_spot,418ae870ac1f20ecdec7432c86adcbd10e7c1bf3866efe09a65ec6a626ba7a90,5b5f5f75d3f2a636,400.0,400.0,51623,
Maize leaf spot/leaf spot878_.jpg,maize,leaf_spot,maize|leaf_spot,ae1f889c1b1aad283eee5752e1224584d36115ff346683d96aa1cf8b34a35ab8,3e7af4e39b0b0f49,400.0,400.0,60436,
Maize leaf spot/leaf spot880_.jpg,maize,leaf_spot,maize|leaf_spot,2935095c4c5ec12c039478c62fcaacffc3cf21751e801daeeed4f055b99697cf,1c3437bfbcf07870,400.0,400.0,66151,
Maize leaf spot/leaf spot884_.jpg,maize,leaf_spot,maize|leaf_spot,ca59f2d1f7c3f0ed25d23ec8b1b0184de61d8f92918eff5fdf761cdfb488c3a5,2c1bd2f649e74d9b,400.0,400.0,68831,
Maize leaf spot/leaf spot885_.jpg,maize,leaf_spot,maize|leaf_spot,b4209761395f6163fe1bd5f33c915f614f31311ac3086db7a29b567c8b7a1ffb,b3a66857e4cc962e,400.0,400.0,66520,
Maize leaf spot/leaf spot886_.jpg,maize,leaf_spot,maize|leaf_spot,1067ce1fdfef07defbc47c30bcae707ab44c4715529f2ab204aa88b822bdc66c,060e362c4cb931e6,400.0,400.0,70054,
Maize leaf spot/leaf spot887_.jpg,maize,leaf_spot,maize|leaf_spot,02eace1007709ae8023e306b8fc302b389f73b65e2fd5d3def1578f532735624,cf9f2e7cf1c3c6c0,400.0,400.0,64269,
Maize leaf spot/leaf spot888_.jpg,maize,leaf_spot,maize|leaf_spot,092b9ed2600e2e44b67017fcab19eac370ab816e4d7a2a0f2324fa0eaa364338,f0c89060448c70c1,400.0,400.0,61301,
Maize leaf spot/leaf spot889_.jpg,maize,leaf_spot,maize|leaf_spot,9f99a2fef9817a4ff363f0224341ba5f885df1acca987d55191fc2d4bb2a9a04,f2e868f1ead8c284,400.0,400.0,53372,
Maize leaf spot/leaf spot890_.jpg,maize,leaf_spot,maize|leaf_spot,2606a1da2d632f11fd0eb12d9635bb9a562467dc57a515329bf99099fcea76a7,88a020c09838e8ae,400.0,400.0,42500,
Maize leaf spot/leaf spot891_.jpg,maize,leaf_spot,maize|leaf_spot,c8336f582f796adfeff95bdb277ddbe13dc5d73099addd2ae3a5ff61da2828c9,4d047807929b1818,400.0,400.0,48222,
Maize leaf spot/leaf spot892_.jpg,maize,leaf_spot,maize|leaf_spot,44f75e78abae670477fd715107be90fbfca735aa9f04b65aa273d839f10d2b8f,f2f8fcc8b0707071,400.0,400.0,42019,
Maize leaf spot/leaf spot893_.jpg,maize,leaf_spot,maize|leaf_spot,fedd6f90644284056eee32ea280c4318cb0408c678cf3cceccc41523ff99dbc9,51c8fc4c0c28395a,400.0,400.0,53235,
Maize leaf spot/leaf spot894_.jpg,maize,leaf_spot,maize|leaf_spot,73d1f527de1533e36173bc40206cad0fe264e14098b7466a7e695e0669f0572a,aee7a595b9bc5859,400.0,400.0,55768,
Maize leaf spot/leaf spot895_.jpg,maize,leaf_spot,maize|leaf_spot,85f163e6b6c2be3835841db0d64c309988798662e25ddb96c3e7f6327e5bddad,e06c6baaa5b0de98,400.0,400.0,56303,
Maize leaf spot/leaf spot896_.jpg,maize,leaf_spot,maize|leaf_spot,8aac1c6bc7e8ccf05fd42a6e2e8101eb349a3e83ada9a98414a95634b4314d67,1d7cb5db69293434,400.0,400.0,54326,
Maize leaf spot/leaf spot897_.jpg,maize,leaf_spot,maize|leaf_spot,b7f4dc85cd9063ad15a484a35747c66b375ab92726bf0a9c5910d143a06d0e5a,5d8c8c99c8e4920c,400.0,400.0,52422,
Maize leaf spot/leaf spot898_.jpg,maize,leaf_spot,maize|leaf_spot,a2deed1b9dd95c4679622d25bc7f61a4b131debb600e1ca522b5914100f93c61,9e164f3b3133199d,400.0,400.0,62827,
Maize leaf spot/leaf spot899_.jpg,maize,leaf_spot,maize|leaf_spot,5a1c84be639005fa6ff140c86c4c266a59d93ec7aa95c2fdc054de63f886687d,34369b950aab9899,400.0,400.0,63771,
Maize leaf spot/leaf spot8_.jpg,maize,leaf_spot,maize|leaf_spot,d7aa192ef61d74a1546a3dc14f90d6a67b52ac011cdbabf16d7c0d86b4472584,346562c6c59898f0,400.0,400.0,54803,
Maize leaf spot/leaf spot900_.jpg,maize,leaf_spot,maize|leaf_spot,7a613ec600e2cef0e0fe1b131304dc6528b9c89ff60c5aa568beb9acfb7c3c1d,1f97d5c584242730,400.0,400.0,65786,
Maize leaf spot/leaf spot901_.jpg,maize,leaf_spot,maize|leaf_spot,004e63096ea3d6e8d58e7935a7c91edc58e13a1905fdf493326b7825f8fcf5d1,6dbd3b2b89d4c0a4,400.0,400.0,60668,
Maize leaf spot/leaf spot902_.jpg,maize,leaf_spot,maize|leaf_spot,107bff931621d55c0acfa6db01e73387dde03229ca7e933692ef7172d61e3a33,acb6e72f36d6dcf9,400.0,400.0,58373,
Maize leaf spot/leaf spot903_.jpg,maize,leaf_spot,maize|leaf_spot,ac899378df167d3d906faa5be3fd4750fd224f116d946ae6208d1f22b4a15d6e,17b39692d95bf9ed,400.0,400.0,60290,
Maize leaf spot/leaf spot904_.jpg,maize,leaf_spot,maize|leaf_spot,6beb1be7e90745be8c3c8dc01ec96f2dfcc71ecf94df91d7d8e05b3967f7b6af,4c4ceca131b0c8dc,400.0,400.0,59190,
Maize leaf spot/leaf spot905_.jpg,maize,leaf_spot,maize|leaf_spot,e85a48778c8a6333add74da0d64b0ea38f943dbd7e6ae1e137af92bf8799227c,4a68f1b9ecf472b2,400.0,400.0,56958,
Maize leaf spot/leaf spot906_.jpg,maize,leaf_spot,maize|leaf_spot,831b6b93ce96ad71668f79a53b9087684bb92c534216db39cf21aaff46b77db1,4db9be74e8fcf071,400.0,400.0,60832,
Maize leaf spot/leaf spot907_.jpg,maize,leaf_spot,maize|leaf_spot,e7b8a9456c3d4db1ee9e811acf80da2c02cb45e4e9886352420ff0c435535625,97242c20c72674ed,400.0,400.0,63680,
Maize leaf spot/leaf spot90_.jpg,maize,leaf_spot,maize|leaf_spot,7c91aa547e7f1b089fee3083131df27dfa20e41eb0bf3537407ebe1236cbc50e,e04c9abffe70f8df,400.0,400.0,66161,
Maize leaf spot/leaf spot910_.jpg,maize,leaf_spot,maize|leaf_spot,f4a5e5c79a159a8ae1c3e1b03f545d3342b6b63f8507b0d0155bb2e13487d65e,ab9e38e06a6a686a,400.0,400.0,50372,
Maize leaf spot/leaf spot912_.jpg,maize,leaf_spot,maize|leaf_spot,d0bd894d490ac711b38a6080d4b742487ccfff12f23bdfa66e7c6e3bc0e2d737,87dc308439c8c8d9,400.0,400.0,58937,
Maize leaf spot/leaf spot913_.jpg,maize,leaf_spot,maize|leaf_spot,ce3499daabd640d1f2dea58944e717411cb33f814295cebec5863ae03a77f607,463cf1c233b392bc,400.0,400.0,67202,
Maize leaf spot/leaf spot914_.jpg,maize,leaf_spot,maize|leaf_spot,b8dbb7fe90fb6cb0f7d5ad7993bd2f1260b8c6f4b4f7f2044021f29f8848d1a6,4c6970e991217e9c,400.0,400.0,57046,
Maize leaf spot/leaf spot915_.jpg,maize,leaf_spot,maize|leaf_spot,6f635bcf7cfa6b283ae35eb6606e266012193ba0cc26a20369d5f8c241e762ec,303c7469d3a7459d,400.0,400.0,58737,
Maize leaf spot/leaf spot916_.jpg,maize,leaf_spot,maize|leaf_spot,c05c4f7d4d30fe4398caf20e82b30e9ecc6d97e263ad5e276a016053a909a0a7,b0a4e2e3b5d35a69,400.0,400.0,52066,
Maize leaf spot/leaf spot917_.jpg,maize,leaf_spot,maize|leaf_spot,cf08f4907ab022c25e1ba329833976407d9a2c72c281c055aed8219c2f9bc06e,e6e0faf9d9b9286c,400.0,400.0,48342,
Maize leaf spot/leaf spot918_.jpg,maize,leaf_spot,maize|leaf_spot,bea2337dc7e6607f54fe0caa7574dcda976f4a205ba6885e52c29ad0f60a4de3,77b1dae8c1871a5a,400.0,400.0,51218,
Maize leaf spot/leaf spot919_.jpg,maize,leaf_spot,maize|leaf_spot,305eab909ade4595d8aefe888be572670238f0d75e48a2fb68e278395815e85d,f64e6871468c3964,400.0,400.0,49530,
Maize leaf spot/leaf spot920_.jpg,maize,leaf_spot,maize|leaf_spot,54450cc0ec2796383a72e3426f83c969e6072c0edb001778b0a5b1e0f16c478b,ac6d5ab9f3ccd932,400.0,400.0,55076,
Maize leaf spot/leaf spot921_.jpg,maize,leaf_spot,maize|leaf_spot,9d8b9d713014a16583b557f4f26fcadc5ff39a955fb6f335304718020d70c0e0,77f7d6d6b47a668d,400.0,400.0,59796,
Maize leaf spot/leaf spot922_.jpg,maize,leaf_spot,maize|leaf_spot,161d5b211e01318e7aa2d0d17e57994f90b5a6cf8b95c740fabbbca58f43f4e6,76d9fbe3e3ef66e5,400.0,400.0,58180,
Maize leaf spot/leaf spot923_.jpg,maize,leaf_spot,maize|leaf_spot,e1f2fc853b3f498fb0409660c427bade91e3d2e14202639710b4ed58df9d3e09,8f9dbc78e0ada4d4,400.0,400.0,58066,
Maize leaf spot/leaf spot939_.jpg,maize,leaf_spot,maize|leaf_spot,26dbeb589c13bd7c04db33ba32e13835f2f085709c67c650bb0f631d29d591d5,e0e1c0f4fc3c0160,400.0,400.0,37385,
Maize leaf spot/leaf spot93_.jpg,maize,leaf_spot,maize|leaf_spot,cada0bf7f129a2a2dee6f9278a586057196284f09026b4f9050e7125257d79d7,84849cd8dcccdec6,400.0,400.0,59826,
Maize leaf spot/leaf spot940_.jpg,maize,leaf_spot,maize|leaf_spot,d9f0a64244f333f1efd763779c3cbf03209e28fc9997feb5a6a7a9103fa23b6f,fe3766cf9e383167,400.0,400.0,50670,
Maize leaf spot/leaf spot941_.jpg,maize,leaf_spot,maize|leaf_spot,f1ede7617c5b9bd8262767be4fbad2abfff8742394c7692f7e9980e04d34d492,8d47e2eb7d3c3b5b,400.0,400.0,55699,
Maize leaf spot/leaf spot942_.jpg,maize,leaf_spot,maize|leaf_spot,1b1d52f7e4029c8aac52e0910d216c5f80980fcab00c13a90008cb28d8a84de7,2f2b2b2f2d1d8f86,400.0,400.0,34411,
Maize leaf spot/leaf spot943_.jpg,maize,leaf_spot,maize|leaf_spot,8243d112027879e2e239a1392669e29f5a6150164ce32435289332c6fcf62169,97878783830349c9,400.0,400.0,44826,
Maize leaf spot/leaf spot944_.jpg,maize,leaf_spot,maize|leaf_spot,adb8350f586b927d6be6c985b90d5dc31a3a46027325aa7799ee0031e0ff5aed,230b0a6a68189aca,400.0,400.0,48579,
Maize leaf spot/leaf spot945_.jpg,maize,leaf_spot,maize|leaf_spot,e25ab29ea1f645ec7066b8c5627598e920b59f4df24f5d6882759975cad4b8e1,0c8c84a4c64bc372,400.0,400.0,47219,
Maize leaf spot/leaf spot966_.jpg,maize,leaf_spot,maize|leaf_spot,31280afffb2db407bf18c3a2d8511b92b1ba15a66ca6d98f578096d73ac20437,80020247830490e1,400.0,400.0,62203,
Maize leaf spot/leaf spot967_.jpg,maize,leaf_spot,maize|leaf_spot,a088e7ee78f8a27f4f0b4d33a2ec5ea1d526b59d7c683eabe85248d9c42e742b,0004181000800c64,400.0,400.0,76682,
Maize leaf spot/leaf spot968_.jpg,maize,leaf_spot,maize|leaf_spot,3a64b4446f15e3e0bc97cdd5d3b3205e3ebb27ec703bea1e74471d92391dc1ce,20000a06040ccc48,400.0,400.0,78786,
Maize leaf spot/leaf spot971_.jpg,maize,leaf_spot,maize|leaf_spot,ed184ff1e634ba9b179101f067b34dcdd0055947ef2439e36a026f891dde67db,24c00104011b3405,400.0,400.0,70949,
Maize leaf spot/leaf spot975_.jpg,maize,leaf_spot,maize|leaf_spot,da5e84b1fa4664556ed33600ecf6888f8c7f172e55bc72a480e7d125cfec3239,e2e3f2f6fffb7931,400.0,400.0,54370,
Maize leaf spot/leaf spot976_.jpg,maize,leaf_spot,maize|leaf_spot,b72e28c21a6843be8cd5f4be847cfdb94ede02fbc827e381caaa12d05a3dd4fa,1c2e1f9cb8e19b98,400.0,400.0,56335,
Maize leaf spot/leaf spot977_.jpg,maize,leaf_spot,maize|leaf_spot,19bb53c23dbe8250f19b682c587c975248a7dd738b9b63d76019cb7da1fb56b7,f0f2e364e8898f83,400.0,400.0,43340,
Maize leaf spot/leaf spot9_.jpg,maize,leaf_spot,maize|leaf_spot,a862d12faaa083de11ac467463beb28ed23f234b7d4393d4addcd266708119a7,d6b1f9b89f6b0743,400.0,400.0,43791,
Maize streak virus/streak virus202_.jpg,maize,streak_virus,maize|streak_virus,dbce08d7e4b99d1f1d8bb0a3e81f41bfde2498ee4aa78b9caca2a08bef2a93d9,d31218cd661b9969,400.0,400.0,67253,
Maize streak virus/streak virus205_.jpg,maize,streak_virus,maize|streak_virus,c4d50061a490bcc82bf5d6021704e2385827fd4e79ad617f16ee2c756a8351f4,995aed378b342620,400.0,400.0,72253,
Maize streak virus/streak virus208_.jpg,maize,streak_virus,maize|streak_virus,8a3c934608602f5b697fd8a05cd75f6e077da9930d88d612aa2e6b59ab44fd66,c8ac6619acbbb174,400.0,400.0,74397,
Maize streak virus/streak virus211_.jpg,maize,streak_virus,maize|streak_virus,b96473f6eb1d565ba262f975ac7c4ad30b451afb82d083e259637265970f178a,4c86318ca6bd3563,400.0,400.0,77969,
Maize streak virus/streak virus314_.jpg,maize,streak_virus,maize|streak_virus,38a24988841dd851e5f711a8cccc9edba9da282fa9f567226b967c2d628a59b6,e9c5c208040687bd,400.0,400.0,67884,
Maize streak virus/streak virus317_.jpg,maize,streak_virus,maize|streak_virus,b4e33ea5053c421445552a63b303993ae883f90612527c6402c58995effa7076,6f3cb0a0c0c0c0c0,400.0,400.0,66350,
Maize streak virus/streak virus318_.jpg,maize,streak_virus,maize|streak_virus,07fccd769874584ba7cf47d4285305198805f46da1aa5d5cbffa893e36350ade,74703c436038fcde,400.0,400.0,63417,
Maize streak virus/streak virus321_.jpg,maize,streak_virus,maize|streak_virus,b0886a65165489cbef35865630b80b2d82b66262ea63640788cdfc8b4f64e4de,042280e4d6673755,400.0,400.0,39152,
Maize streak virus/streak virus327_.jpg,maize,streak_virus,maize|streak_virus,f420d714c4d663c85bbc1508936f0aa76318640b109c8d4739e1bbb1ff728c05,0a043218141a0218,400.0,400.0,64756,
Maize streak virus/streak virus45_.jpg,maize,streak_virus,maize|streak_virus,50c3bce23aea88e9e4e2276d3db41db4f827acad05de77427c46c50b8d08d633,624e9e3c7c7ab0b4,400.0,400.0,61666,
Maize streak virus/streak virus524_.jpg,maize,streak_virus,maize|streak_virus,061468cc4909e6befda3d392192dfb276a5c8fc21f8e28c64d9cd0e6f86fdb49,2706022f4c2c2a9b,400.0,400.0,67302,
Maize streak virus/streak virus525_.jpg,maize,streak_virus,maize|streak_virus,7c7f035b9a561c8255dd9af5fb1c59270dede0072ec4e9388db633a997187552,7c6e67b7dcce94bb,400.0,400.0,72886,
Maize streak virus/streak virus538_.jpg,maize,streak_virus,maize|streak_virus,547c051ad2b2eb6ce6072542f41c5f3c42e4d060d4c57e549f1860213b56dde9,607c7e3fff9f7e7c,400.0,400.0,58436,
Maize streak virus/streak virus539_.jpg,maize,streak_virus,maize|streak_virus,9aa9cbfa849d6349434d0a567cd9c96d9c02e3061b232fcde4af4cc8ab150ae4,1373731998dcfdf8,400.0,400.0,63959,
Maize streak virus/streak virus540_.jpg,maize,streak_virus,maize|streak_virus,98b81ae77f66aef69aecbf3cbfe1acd34139338f060d0be31fce456635e053b3,7070f03355f4b47c,400.0,400.0,55384,
Maize streak virus/streak virus541_.jpg,maize,streak_virus,maize|streak_virus,3c3bd9bacc00b9ed57c2f4f9c02d3446ed8c5ba6f282eaf66e4da6fad61a3d69,6262e2e46061e96b,400.0,400.0,51596,
Maize streak virus/streak virus542_.jpg,maize,streak_virus,maize|streak_virus,80f58cb61873cdad0d26259327c8bd990af2811a93a9ea6dd871be7072659822,cc6c697376e2e2e0,400.0,400.0,56808,
Maize streak virus/streak virus543_.jpg,maize,streak_virus,maize|streak_virus,23761eca453d6cd2961ab6773154cd4431f60bff629d659dd9c160e8b1cb1868,e97938d9dd5ddada,400.0,400.0,57930,
Maize streak virus/streak virus544_.jpg,maize,streak_virus,maize|streak_virus,ecff1fb5b6d86659c9d0c5d651214de7a0812750e645a6402d9bf54fc291f995,632f70e127d20e76,400.0,400.0,48900,
Maize streak virus/streak virus545_.jpg,maize,streak_virus,maize|streak_virus,24abae8389deaecc4fc9c451463bf654541503a7ae7a85812dd61c3ef1e17fcd,ac9fbce48e1c2c1c,400.0,400.0,53047,
Maize streak virus/streak virus559_.jpg,maize,streak_virus,maize|streak_virus,b0fff67904db3dd3a8d83f8dc8df780a42d8fbce4fff0d0c4c1dc72927e61496,3664e4c4e0e03c36,400.0,400.0,69526,
Maize streak virus/streak virus566_.jpg,maize,streak_virus,maize|streak_virus,7036b00ffbc5b44686805f5af560ecef76019b1013b0e609a0f0d51a148f27a4,6b32b6dc5c69278c,400.0,400.0,83550,
Maize streak virus/streak virus567_.jpg,maize,streak_virus,maize|streak_virus,576aac6a7fe84f941d1535df6afa7d5bff1478bd83bbd7c3ebcd7324af61796d,49214323a1b1184e,400.0,400.0,74335,
Maize streak virus/streak virus568_.jpg,maize,streak_virus,maize|streak_virus,043fe5726b2739b317c27d74c542422d555f684b89e967ee9ee47b788c6c3bce,8c8406a6e2eebd65,400.0,400.0,68772,
Maize streak virus/streak virus569_.jpg,maize,streak_virus,maize|streak_virus,767a9efdcfa28b1301eba5363333d65e2fd7d1b9919796ef1275c7bc925a8ecf,91c0ccd0bc1e2c9c,400.0,400.0,62440,
Maize streak virus/streak virus570_.jpg,maize,streak_virus,maize|streak_virus,05e2b29289c90d48d5ca7470d9afc318076bafb44e689a8280b9e46c589a3a61,e3e1eecbefe63b19,400.0,400.0,87606,
Maize streak virus/streak virus571_.jpg,maize,streak_virus,maize|streak_virus,209c2671bed63bddfd93783a2cb44c4d31bc624249dacda242748040df632682,a08930608c16c69b,400.0,400.0,59931,
Maize streak virus/streak virus572_.jpg,maize,streak_virus,maize|streak_virus,4fecfa3a6dee2733ad9c749983d373fe910d92310cf828f08e1a693459406489,815370c0d0305c0c,400.0,400.0,68156,
Maize streak virus/streak virus573_.jpg,maize,streak_virus,maize|streak_virus,6ccd2c6c10b278349239481e1f9b6e08cd25f7dd3807b7cd2538782bce158d0d,0f6ec733868273b3,400.0,400.0,62876,
Maize streak virus/streak virus574_.jpg,maize,streak_virus,maize|streak_virus,9b2ddcb6ae127ff11e4cda24e2d6dbf58170d5920d3e85c0144cc7faa73c4aef,021db9b8389a32cd,400.0,400.0,59560,
Maize streak virus/streak virus575_.jpg,maize,streak_virus,maize|streak_virus,a7bbbec738f32175ccb951092a9da2c25174e2933eeacbfe29e58510387fe623,bd9fc78f37b53979,400.0,400.0,62253,
Maize streak virus/streak virus576_.jpg,maize,streak_virus,maize|streak_virus,e97bf61abcbc5147ece9d72a9834d45e1d40b369093649598a5bc636010cf8c3,d2f8b8f8cc0a29cc,400.0,400.0,72614,
Maize streak virus/streak virus583_.jpg,maize,streak_virus,maize|streak_virus,d8c92a62a788f21f1b57d82f188ef13ec18c43a4e0295b26710b76090241422d,d4f4d0507074393a,400.0,400.0,65172,
Maize streak virus/streak virus596_.jpg,maize,streak_virus,maize|streak_virus,8fbbdb2a267b2197dc6180c1b0dcfbe862f9440c723e11b66169f87ab6f402b7,c6c6c6c6c6c6c4dc,400.0,400.0,49530,
Maize streak virus/streak virus597_.jpg,maize,streak_virus,maize|streak_virus,ace136d2eca08381657089fc0cda02f0f057a13576acf76cd8a34f831beaf63d,c9c0c0c141d1d1d1,400.0,400.0,47087,
Maize streak virus/streak virus598_.jpg,maize,streak_virus,maize|streak_virus,2935095c4c5ec12c039478c62fcaacffc3cf21751e801daeeed4f055b99697cf,1c3437bfbcf07870,400.0,400.0,66151,
Maize streak virus/streak virus624_.jpg,maize,streak_virus,maize|streak_virus,d13eb7311b2022edbe02ae2a49a71261bedffb624a96b96e9e23e11d847f9943,17cff3fefff5f213,400.0,400.0,55642,
Maize streak virus/streak virus625_.jpg,maize,streak_virus,maize|streak_virus,b409cd357de67f54fad1123e2e6dbb0fbf0216a2b9bf0ed8a9fe21aa3f58d6fb,82c0e0e2c0e79fbc,400.0,400.0,51055,
Maize streak virus/streak virus634_.jpg,maize,streak_virus,maize|streak_virus,092b9ed2600e2e44b67017fcab19eac370ab816e4d7a2a0f2324fa0eaa364338,f0c89060448c70c1,400.0,400.0,61301,
Maize streak virus/streak virus635_.jpg,maize,streak_virus,maize|streak_virus,9f99a2fef9817a4ff363f0224341ba5f885df1acca987d55191fc2d4bb2a9a04,f2e868f1ead8c284,400.0,400.0,53372,
Maize streak virus/streak virus705_.jpg,maize,streak_virus,maize|streak_virus,d4e9eb432e101e0c4e0fc8d12b2c160fad9dda61bc272cb87346151c3a725f48,d6870400c1c76467,400.0,400.0,43529,
Maize streak virus/streak virus706_.jpg,maize,streak_virus,maize|streak_virus,77ad9b7b74bc2ac62e4461b08eb6022345b46930ff23206b9171379f923bda16,3c79e2b83022ca9f,400.0,400.0,45608,
Maize streak virus/streak virus707_.jpg,maize,streak_virus,maize|streak_virus,a809dec8957899790829e4abcb7fef3d8b03617dee39301a4cb4d2a4abdaf5d6,73f2c6b8f1c18c36,400.0,400.0,45357,
Maize streak virus/streak virus708_.jpg,maize,streak_virus,maize|streak_virus,f24e589be2b9c7578ff5f9f0d2670e13099d8af1257ce3457460061f89215011,5ffec89030e2861b,400.0,400.0,53066,
Maize streak virus/streak virus709_.jpg,maize,streak_virus,maize|streak_virus,2e54adaa0e6b9c5fb81054cbcbbef35ee2a26049b7e429a4a4aaef19a1141979,af2e5cb82831cc8c,400.0,400.0,43576,
Maize streak virus/streak virus710_.jpg,maize,streak_virus,maize|streak_virus,a0b033954e61ad2e774eb8e781fcb764c44dd68d8ba4bd2ffaecd82815afa60b,bb5cb874e9e3d999,400.0,400.0,52896,
Maize streak virus/streak virus711_.jpg,maize,streak_virus,maize|streak_virus,0222f65cbceef7b327c3c4040f20bd083cf85d8344e2cc1d7dd479a4ace8f63c,367cb064d2e7c3b3,400.0,400.0,47892,
Maize streak virus/streak virus74_.jpg,maize,streak_virus,maize|streak_virus,0b622afe2d416a447484ab4699f1c1411fbb3003966526ff9249d8bc5796936b,5060b6e3e1981c00,400.0,400.0,36624,
Tomato leaf blight/leaf blight1315_.jpg,tomato,leaf_blight,tomato|leaf_blight,4e69cc3e3073bd2336e75447aab0a14e8476bb6916c14d9d1557ead234708c6e,847cb8f4e4e8ca64,400.0,400.0,41375,
Tomato septoria leaf spot/septoria leaf spot47_.jpg,tomato,septoria_leaf_spot,tomato|septoria_leaf_spot,4e69cc3e3073bd2336e75447aab0a14e8476bb6916c14d9d1557ead234708c6e,847cb8f4e4e8ca64,400.0,400.0,41375,
